window,model,truth,predictions,hit6,hit5,hit4,best,diversity,coverage,points,compound,top_matches
1,heuristic_enhanced,"[1, 2, 3, 4, 5, 6]","[[1, 6, 21, 27, 29, 40], [1, 6, 18, 23, 24, 32], [2, 6, 17, 20, 37, 40]]",False,False,False,2,0.8836363636363637,0.5,0.0,0.13836363636363636,2
1,omega_hybrid,"[1, 2, 3, 4, 5, 6]","[[2, 8, 9, 15, 16, 18], [2, 3, 6, 7, 28, 35], [2, 6, 13, 14, 15, 33]]",False,False,False,3,0.8763636363636363,0.5,0.0,0.16263636363636363,1
1,omega_production,"[1, 2, 3, 4, 5, 6]","[[2, 8, 9, 15, 16, 18], [2, 3, 6, 7, 28, 35], [2, 6, 13, 14, 15, 33]]",False,False,False,3,0.8763636363636363,0.5,0.0,0.16263636363636363,1
1,omega_pipeline,"[1, 2, 3, 4, 5, 6]","[[2, 8, 9, 15, 16, 18], [2, 3, 6, 7, 28, 35], [2, 6, 13, 14, 15, 33]]",False,False,False,3,0.8763636363636363,0.5,0.0,0.16263636363636363,1
1,omega_agentic,"[1, 2, 3, 4, 5, 6]","[[2, 8, 9, 15, 16, 18], [2, 3, 6, 7, 28, 35], [2, 6, 13, 14, 15, 33]]",False,False,False,3,0.8763636363636363,0.5,0.0,0.16263636363636363,1
2,heuristic_enhanced,"[1, 2, 3, 4, 5, 6]","[[3, 12, 21, 26, 37, 39], [5, 11, 18, 19, 27, 36], [2, 5, 10, 21, 29, 33]]",False,False,False,2,0.9145454545454546,0.525,0.0,0.14145454545454544,1
2,omega_hybrid,"[1, 2, 3, 4, 5, 6]","[[2, 8, 9, 15, 16, 18], [2, 3, 6, 7, 28, 35], [2, 6, 13, 14, 15, 33]]",False,False,False,3,0.8763636363636363,0.5,0.0,0.16263636363636363,1
2,omega_production,"[1, 2, 3, 4, 5, 6]","[[2, 8, 9, 15, 16, 18], [2, 3, 6, 7, 28, 35], [2, 6, 13, 14, 15, 33]]",False,False,False,3,0.8763636363636363,0.5,0.0,0.16263636363636363,1
2,omega_pipeline,"[1, 2, 3, 4, 5, 6]","[[2, 8, 9, 15, 16, 18], [2, 3, 6, 7, 28, 35], [2, 6, 13, 14, 15, 33]]",False,False,False,3,0.8763636363636363,0.5,0.0,0.16263636363636363,1
2,omega_agentic,"[1, 2, 3, 4, 5, 6]","[[2, 8, 9, 15, 16, 18], [2, 3, 6, 7, 28, 35], [2, 6, 13, 14, 15, 33]]",False,False,False,3,0.8763636363636363,0.5,0.0,0.16263636363636363,1
3,heuristic_enhanced,"[1, 2, 3, 4, 5, 6]","[[5, 12, 15, 27, 33, 40], [8, 22, 23, 24, 27, 35], [9, 12, 19, 22, 24, 34]]",False,False,False,2,0.9127272727272727,0.525,0.0,0.14127272727272727,1
3,omega_hybrid,"[1, 2, 3, 4, 5, 6]","[[2, 8, 9, 15, 16, 18], [2, 3, 6, 7, 28, 35], [2, 6, 13, 14, 15, 33]]",False,False,False,3,0.8763636363636363,0.5,0.0,0.16263636363636363,1
3,omega_production,"[1, 2, 3, 4, 5, 6]","[[2, 8, 9, 15, 16, 18], [2, 3, 6, 7, 28, 35], [2, 6, 13, 14, 15, 33]]",False,False,False,3,0.8763636363636363,0.5,0.0,0.16263636363636363,1
3,omega_pipeline,"[1, 2, 3, 4, 5, 6]","[[2, 8, 9, 15, 16, 18], [2, 3, 6, 7, 28, 35], [2, 6, 13, 14, 15, 33]]",False,False,False,3,0.8763636363636363,0.5,0.0,0.16263636363636363,1
3,omega_agentic,"[1, 2, 3, 4, 5, 6]","[[2, 8, 9, 15, 16, 18], [2, 3, 6, 7, 28, 35], [2, 6, 13, 14, 15, 33]]",False,False,False,3,0.8763636363636363,0.5,0.0,0.16263636363636363,1
4,heuristic_enhanced,"[1, 2, 3, 4, 5, 6]","[[1, 4, 8, 16, 34, 39], [1, 10, 13, 24, 30, 34], [10, 13, 23, 25, 28, 30]]",False,False,False,2,0.8903030303030303,0.525,0.0,0.13903030303030303,2
4,omega_hybrid,"[1, 2, 3, 4, 5, 6]","[[2, 8, 9, 15, 16, 18], [2, 3, 6, 7, 28, 35], [2, 6, 13, 14, 15, 33]]",False,False,False,3,0.8763636363636363,0.5,0.0,0.16263636363636363,1
4,omega_production,"[1, 2, 3, 4, 5, 6]","[[2, 8, 9, 15, 16, 18], [2, 3, 6, 7, 28, 35], [2, 6, 13, 14, 15, 33]]",False,False,False,3,0.8763636363636363,0.5,0.0,0.16263636363636363,1
4,omega_pipeline,"[1, 2, 3, 4, 5, 6]","[[2, 8, 9, 15, 16, 18], [2, 3, 6, 7, 28, 35], [2, 6, 13, 14, 15, 33]]",False,False,False,3,0.8763636363636363,0.5,0.0,0.16263636363636363,1
4,omega_agentic,"[1, 2, 3, 4, 5, 6]","[[2, 8, 9, 15, 16, 18], [2, 3, 6, 7, 28, 35], [2, 6, 13, 14, 15, 33]]",False,False,False,3,0.8763636363636363,0.5,0.0,0.16263636363636363,1
5,heuristic_enhanced,"[1, 2, 3, 4, 5, 6]","[[4, 6, 10, 14, 31, 40], [1, 7, 13, 15, 34, 36], [2, 4, 24, 27, 31, 39]]",False,False,False,2,0.9436363636363636,0.625,0.0,0.14436363636363636,2
5,omega_hybrid,"[1, 2, 3, 4, 5, 6]","[[2, 8, 9, 15, 16, 18], [2, 3, 6, 7, 28, 35], [2, 6, 13, 14, 15, 33]]",False,False,False,3,0.8763636363636363,0.5,0.0,0.16263636363636363,1
5,omega_production,"[1, 2, 3, 4, 5, 6]","[[2, 8, 9, 15, 16, 18], [2, 3, 6, 7, 28, 35], [2, 6, 13, 14, 15, 33]]",False,False,False,3,0.8763636363636363,0.5,0.0,0.16263636363636363,1
5,omega_pipeline,"[1, 2, 3, 4, 5, 6]","[[2, 8, 9, 15, 16, 18], [2, 3, 6, 7, 28, 35], [2, 6, 13, 14, 15, 33]]",False,False,False,3,0.8763636363636363,0.5,0.0,0.16263636363636363,1
5,omega_agentic,"[1, 2, 3, 4, 5, 6]","[[2, 8, 9, 15, 16, 18], [2, 3, 6, 7, 28, 35], [2, 6, 13, 14, 15, 33]]",False,False,False,3,0.8763636363636363,0.5,0.0,0.16263636363636363,1
6,heuristic_enhanced,"[1, 2, 3, 4, 5, 6]","[[13, 16, 23, 24, 27, 37], [2, 14, 18, 21, 26, 33], [12, 21, 25, 29, 30, 39]]",False,False,False,1,0.9345454545454546,0.575,0.0,0.11845454545454545,0
6,omega_hybrid,"[1, 2, 3, 4, 5, 6]","[[2, 8, 9, 15, 16, 18], [2, 3, 6, 7, 28, 35], [2, 6, 13, 14, 15, 33]]",False,False,False,3,0.8763636363636363,0.5,0.0,0.16263636363636363,1
6,omega_production,"[1, 2, 3, 4, 5, 6]","[[2, 8, 9, 15, 16, 18], [2, 3, 6, 7, 28, 35], [2, 6, 13, 14, 15, 33]]",False,False,False,3,0.8763636363636363,0.5,0.0,0.16263636363636363,1
6,omega_pipeline,"[1, 2, 3, 4, 5, 6]","[[2, 8, 9, 15, 16, 18], [2, 3, 6, 7, 28, 35], [2, 6, 13, 14, 15, 33]]",False,False,False,3,0.8763636363636363,0.5,0.0,0.16263636363636363,1
6,omega_agentic,"[1, 2, 3, 4, 5, 6]","[[2, 8, 9, 15, 16, 18], [2, 3, 6, 7, 28, 35], [2, 6, 13, 14, 15, 33]]",False,False,False,3,0.8763636363636363,0.5,0.0,0.16263636363636363,1
7,heuristic_enhanced,"[1, 2, 3, 4, 5, 6]","[[10, 13, 16, 27, 29, 38], [7, 22, 23, 24, 26, 36], [13, 17, 19, 21, 25, 36]]",False,False,False,1,0.9012121212121212,0.525,0.0,0.11512121212121212,0
7,omega_hybrid,"[1, 2, 3, 4, 5, 6]","[[12, 13, 26, 27, 36, 40], [7, 11, 16, 18, 33, 34]]",False,False,False,0,1.0,0.3,0.0,0.1,0
7,omega_production,"[1, 2, 3, 4, 5, 6]","[[2, 8, 9, 15, 16, 18], [2, 3, 6, 7, 28, 35], [2, 6, 13, 14, 15, 33]]",False,False,False,3,0.8763636363636363,0.5,0.0,0.16263636363636363,1
7,omega_pipeline,"[1, 2, 3, 4, 5, 6]","[[2, 8, 9, 15, 16, 18], [2, 3, 6, 7, 28, 35], [2, 6, 13, 14, 15, 33]]",False,False,False,3,0.8363636363636364,0.35,0.0,0.15863636363636363,1
7,omega_agentic,"[1, 2, 3, 4, 5, 6]","[[15, 20, 24, 34, 36, 40], [3, 4, 5, 9, 23, 38], [13, 17, 18, 26, 33, 34]]",False,False,False,3,0.9696969696969697,0.425,0.0,0.171969696969697,0
8,heuristic_enhanced,"[1, 2, 3, 4, 5, 6]","[[12, 15, 23, 24, 25, 37], [9, 15, 24, 30, 36, 38], [4, 11, 13, 34, 36, 40]]",False,False,False,2,0.9036363636363636,0.525,0.0,0.14036363636363636,0
8,omega_hybrid,"[1, 2, 3, 4, 5, 6]","[[17, 21, 23, 26, 27, 32], [5, 20, 28, 30, 38, 39]]",False,False,False,1,1.0,0.3,0.0,0.125,0
8,omega_production,"[1, 2, 3, 4, 5, 6]","[[2, 8, 9, 15, 16, 18], [2, 3, 6, 7, 28, 35], [2, 6, 13, 14, 15, 33]]",False,False,False,3,0.8763636363636363,0.5,0.0,0.16263636363636363,1
8,omega_pipeline,"[1, 2, 3, 4, 5, 6]","[[2, 8, 9, 15, 16, 18], [2, 3, 6, 7, 28, 35], [2, 6, 13, 14, 15, 33]]",False,False,False,3,0.8363636363636364,0.35,0.0,0.15863636363636363,1
8,omega_agentic,"[1, 2, 3, 4, 5, 6]","[[12, 15, 25, 26, 35, 39], [6, 12, 16, 17, 28, 38], [11, 12, 23, 24, 26, 27]]",False,False,False,1,0.8727272727272727,0.375,0.0,0.11227272727272727,0
9,heuristic_enhanced,"[1, 2, 3, 4, 5, 6]","[[11, 12, 20, 25, 37, 39], [1, 16, 27, 31, 33, 34], [2, 14, 21, 24, 25, 33]]",False,False,False,1,0.8721212121212121,0.475,0.0,0.11221212121212121,0
9,omega_hybrid,"[1, 2, 3, 4, 5, 6]","[[11, 16, 22, 25, 33, 38], [11, 17, 18, 26, 27, 39]]",False,False,False,0,0.9090909090909091,0.275,0.0,0.09090909090909091,0
9,omega_production,"[1, 2, 3, 4, 5, 6]","[[2, 8, 9, 15, 16, 18], [2, 3, 6, 7, 28, 35], [2, 6, 13, 14, 15, 33]]",False,False,False,3,0.8763636363636363,0.5,0.0,0.16263636363636363,1
9,omega_pipeline,"[1, 2, 3, 4, 5, 6]","[[2, 8, 9, 15, 16, 18], [2, 3, 6, 7, 28, 35], [2, 6, 13, 14, 15, 33]]",False,False,False,3,0.8363636363636364,0.35,0.0,0.15863636363636363,1
9,omega_agentic,"[1, 2, 3, 4, 5, 6]","[[10, 12, 27, 30, 33, 40], [7, 15, 16, 23, 32, 36], [13, 22, 28, 29, 31, 33]]",False,False,False,0,0.9696969696969697,0.425,0.0,0.09696969696969698,0
10,heuristic_enhanced,"[1, 2, 3, 4, 5, 6]","[[5, 6, 19, 25, 29, 32], [7, 10, 18, 27, 30, 39], [1, 3, 12, 15, 18, 40]]",False,False,False,2,0.9636363636363636,0.65,0.0,0.14636363636363636,2
10,omega_hybrid,"[1, 2, 3, 4, 5, 6]","[[12, 18, 22, 23, 31, 35], [5, 6, 14, 19, 30, 40]]",False,False,False,2,1.0,0.3,0.0,0.15,0
10,omega_production,"[1, 2, 3, 4, 5, 6]","[[2, 8, 9, 15, 16, 18], [2, 3, 6, 7, 28, 35], [2, 6, 13, 14, 15, 33]]",False,False,False,3,0.8763636363636363,0.5,0.0,0.16263636363636363,1
10,omega_pipeline,"[1, 2, 3, 4, 5, 6]","[[2, 8, 9, 15, 16, 18], [2, 3, 6, 7, 28, 35], [2, 6, 13, 14, 15, 33]]",False,False,False,3,0.8363636363636364,0.35,0.0,0.15863636363636363,1
10,omega_agentic,"[1, 2, 3, 4, 5, 6]","[[15, 19, 22, 23, 31, 34], [2, 3, 6, 29, 32, 37], [6, 15, 21, 22, 24, 25]]",False,False,False,3,0.9030303030303031,0.375,0.0,0.1653030303030303,0
11,heuristic_enhanced,"[1, 2, 3, 4, 5, 6]","[[13, 18, 23, 27, 36, 40], [13, 15, 20, 30, 34, 35], [8, 14, 16, 18, 25, 30]]",False,False,False,3,0.9454545454545454,0.6,0.0,0.16954545454545455,0
11,omega_hybrid,"[1, 2, 3, 4, 5, 6]","[[19, 20, 23, 29, 35, 39], [10, 12, 21, 28, 38, 40]]",False,False,False,0,1.0,0.3,0.0,0.1,0
11,omega_production,"[1, 2, 3, 4, 5, 6]","[[2, 8, 9, 15, 16, 18], [2, 3, 6, 7, 28, 35], [2, 6, 13, 14, 15, 33]]",False,False,False,3,0.8763636363636363,0.5,0.0,0.16263636363636363,1
11,omega_pipeline,"[1, 2, 3, 4, 5, 6]","[[2, 8, 9, 15, 16, 18], [2, 3, 6, 7, 28, 35], [2, 6, 13, 14, 15, 33]]",False,False,False,3,0.8363636363636364,0.35,0.0,0.15863636363636363,1
11,omega_agentic,"[1, 2, 3, 4, 5, 6]","[[14, 15, 28, 34, 36, 40], [4, 15, 25, 26, 35, 37], [7, 8, 26, 27, 30, 33]]",False,False,False,1,0.9393939393939394,0.4,0.0,0.11893939393939394,0
12,heuristic_enhanced,"[1, 2, 3, 4, 5, 6]","[[1, 12, 26, 28, 34, 35], [7, 8, 16, 22, 30, 36], [6, 13, 18, 21, 24, 36]]",False,False,False,1,0.9236363636363636,0.575,0.0,0.11736363636363636,1
12,omega_hybrid,"[1, 2, 3, 4, 5, 6]","[[12, 14, 23, 25, 36, 40], [7, 12, 32, 35, 36, 39]]",False,False,False,0,0.8,0.25,0.0,0.08000000000000002,0
12,omega_production,"[1, 2, 3, 4, 5, 6]","[[2, 8, 9, 15, 16, 18], [2, 3, 6, 7, 28, 35], [2, 6, 13, 14, 15, 33]]",False,False,False,3,0.8763636363636363,0.5,0.0,0.16263636363636363,1
12,omega_pipeline,"[1, 2, 3, 4, 5, 6]","[[2, 8, 9, 15, 16, 18], [2, 3, 6, 7, 28, 35], [2, 6, 13, 14, 15, 33]]",False,False,False,3,0.8363636363636364,0.35,0.0,0.15863636363636363,1
12,omega_agentic,"[1, 2, 3, 4, 5, 6]","[[14, 21, 25, 27, 29, 39], [5, 24, 25, 26, 31, 33], [11, 18, 25, 29, 30, 31]]",False,False,False,1,0.8363636363636364,0.35,0.0,0.10863636363636364,0
13,heuristic_enhanced,"[1, 2, 3, 4, 5, 6]","[[7, 9, 13, 16, 24, 33], [1, 11, 22, 24, 28, 38], [2, 8, 10, 16, 23, 28]]",False,False,False,2,0.9163636363636364,0.575,0.0,0.14163636363636364,0
13,omega_hybrid,"[1, 2, 3, 4, 5, 6]","[[10, 13, 32, 36, 37, 40], [3, 9, 10, 24, 28, 39]]",False,False,False,1,0.9090909090909091,0.275,0.0,0.1159090909090909,0
13,omega_production,"[1, 2, 3, 4, 5, 6]","[[2, 8, 9, 15, 16, 18], [2, 3, 6, 7, 28, 35], [2, 6, 13, 14, 15, 33]]",False,False,False,3,0.8763636363636363,0.5,0.0,0.16263636363636363,1
13,omega_pipeline,"[1, 2, 3, 4, 5, 6]","[[2, 8, 9, 15, 16, 18], [2, 3, 6, 7, 28, 35], [2, 6, 13, 14, 15, 33]]",False,False,False,3,0.8363636363636364,0.35,0.0,0.15863636363636363,1
13,omega_agentic,"[1, 2, 3, 4, 5, 6]","[[12, 13, 23, 26, 32, 33], [4, 9, 22, 31, 35, 39], [6, 11, 16, 22, 24, 25]]",False,False,False,1,0.9696969696969697,0.425,0.0,0.12196969696969698,0
14,heuristic_enhanced,"[1, 2, 3, 4, 5, 6]","[[13, 19, 21, 23, 29, 39], [9, 14, 15, 18, 22, 31], [4, 16, 20, 25, 28, 40]]",False,False,False,2,0.9618181818181818,0.65,0.0,0.1461818181818182,0
14,omega_hybrid,"[1, 2, 3, 4, 5, 6]","[[13, 15, 25, 30, 32, 34], [7, 12, 16, 20, 38, 39]]",False,False,False,0,1.0,0.3,0.0,0.1,0
14,omega_production,"[1, 2, 3, 4, 5, 6]","[[2, 8, 9, 15, 16, 18], [2, 3, 6, 7, 28, 35], [2, 6, 13, 14, 15, 33]]",False,False,False,3,0.8763636363636363,0.5,0.0,0.16263636363636363,1
14,omega_pipeline,"[1, 2, 3, 4, 5, 6]","[[2, 8, 9, 15, 16, 18], [2, 3, 6, 7, 28, 35], [2, 6, 13, 14, 15, 33]]",False,False,False,3,0.8363636363636364,0.35,0.0,0.15863636363636363,1
14,omega_agentic,"[1, 2, 3, 4, 5, 6]","[[10, 20, 23, 29, 31, 37], [1, 8, 12, 35, 38, 39], [5, 6, 9, 11, 12, 29]]",False,False,False,2,0.9393939393939394,0.4,0.0,0.14393939393939395,0
15,heuristic_enhanced,"[1, 2, 3, 4, 5, 6]","[[1, 10, 14, 26, 29, 33], [6, 14, 15, 24, 35, 37], [3, 10, 15, 17, 33, 38]]",False,False,False,1,0.8854545454545455,0.5,0.0,0.11354545454545455,1
15,omega_hybrid,"[1, 2, 3, 4, 5, 6]","[[11, 20, 23, 24, 29, 35], [2, 4, 9, 21, 30, 32]]",False,False,False,2,1.0,0.3,0.0,0.15,0
15,omega_production,"[1, 2, 3, 4, 5, 6]","[[2, 8, 9, 15, 16, 18], [2, 3, 6, 7, 28, 35], [2, 6, 13, 14, 15, 33]]",False,False,False,3,0.8763636363636363,0.5,0.0,0.16263636363636363,1
15,omega_pipeline,"[1, 2, 3, 4, 5, 6]","[[2, 8, 9, 15, 16, 18], [2, 3, 6, 7, 28, 35], [2, 6, 13, 14, 15, 33]]",False,False,False,3,0.8363636363636364,0.35,0.0,0.15863636363636363,1
15,omega_agentic,"[1, 2, 3, 4, 5, 6]","[[11, 21, 22, 24, 29, 35], [13, 18, 19, 26, 29, 37], [6, 10, 14, 16, 19, 29]]",False,False,False,1,0.8727272727272727,0.375,0.0,0.11227272727272727,0
16,heuristic_enhanced,"[1, 2, 3, 4, 5, 6]","[[3, 11, 12, 16, 21, 34], [7, 12, 14, 16, 22, 32], [6, 8, 14, 16, 26, 36]]",False,False,False,1,0.8375757575757576,0.475,0.0,0.10875757575757576,1
16,omega_hybrid,"[1, 2, 3, 4, 5, 6]","[[18, 19, 22, 28, 34, 36], [2, 9, 12, 19, 22, 29]]",False,False,False,1,0.8,0.25,0.0,0.10500000000000001,0
16,omega_production,"[1, 2, 3, 4, 5, 6]","[[2, 8, 9, 15, 16, 18], [2, 3, 6, 7, 28, 35], [2, 6, 13, 14, 15, 33]]",False,False,False,3,0.8763636363636363,0.5,0.0,0.16263636363636363,1
16,omega_pipeline,"[1, 2, 3, 4, 5, 6]","[[2, 8, 9, 15, 16, 18], [2, 3, 6, 7, 28, 35], [2, 6, 13, 14, 15, 33]]",False,False,False,3,0.8363636363636364,0.35,0.0,0.15863636363636363,1
16,omega_agentic,"[1, 2, 3, 4, 5, 6]","[[12, 15, 24, 26, 29, 34], [2, 3, 4, 7, 25, 37], [6, 12, 17, 19, 28, 34]]",False,False,False,3,0.9333333333333333,0.4,0.0,0.16833333333333333,0
17,heuristic_enhanced,"[1, 2, 3, 4, 5, 6]","[[2, 11, 12, 19, 23, 30], [5, 12, 15, 34, 36, 40], [3, 6, 8, 19, 23, 33]]",False,False,False,2,0.9327272727272727,0.6,0.0,0.14327272727272727,1
17,omega_hybrid,"[1, 2, 3, 4, 5, 6]","[[18, 20, 25, 29, 32, 40], [6, 12, 24, 25, 38, 39]]",False,False,False,1,0.9090909090909091,0.275,0.0,0.1159090909090909,0
17,omega_production,"[1, 2, 3, 4, 5, 6]","[[2, 8, 9, 15, 16, 18], [2, 3, 6, 7, 28, 35], [2, 6, 13, 14, 15, 33]]",False,False,False,3,0.8763636363636363,0.5,0.0,0.16263636363636363,1
17,omega_pipeline,"[1, 2, 3, 4, 5, 6]","[[2, 8, 9, 15, 16, 18], [2, 3, 6, 7, 28, 35], [2, 6, 13, 14, 15, 33]]",False,False,False,3,0.8363636363636364,0.35,0.0,0.15863636363636363,1
17,omega_agentic,"[1, 2, 3, 4, 5, 6]","[[10, 15, 25, 30, 35, 39], [3, 11, 12, 21, 22, 26], [14, 17, 24, 25, 28, 29]]",False,False,False,1,0.9696969696969697,0.425,0.0,0.12196969696969698,0
18,heuristic_enhanced,"[1, 2, 3, 4, 5, 6]","[[2, 6, 13, 15, 32, 35], [12, 14, 21, 24, 25, 40], [11, 12, 24, 26, 30, 32]]",False,False,False,2,0.9145454545454546,0.525,0.0,0.14145454545454544,2
18,omega_hybrid,"[1, 2, 3, 4, 5, 6]","[[13, 17, 26, 29, 32, 35], [2, 10, 20, 24, 31, 32]]",False,False,False,1,0.9090909090909091,0.275,0.0,0.1159090909090909,0
18,omega_production,"[1, 2, 3, 4, 5, 6]","[[2, 8, 9, 15, 16, 18], [2, 3, 6, 7, 28, 35], [2, 6, 13, 14, 15, 33]]",False,False,False,3,0.8763636363636363,0.5,0.0,0.16263636363636363,1
18,omega_pipeline,"[1, 2, 3, 4, 5, 6]","[[2, 8, 9, 15, 16, 18], [2, 3, 6, 7, 28, 35], [2, 6, 13, 14, 15, 33]]",False,False,False,3,0.8363636363636364,0.35,0.0,0.15863636363636363,1
18,omega_agentic,"[1, 2, 3, 4, 5, 6]","[[14, 15, 30, 32, 36, 38], [8, 13, 18, 24, 31, 40], [6, 17, 22, 24, 29, 31]]",False,False,False,1,0.9333333333333333,0.4,0.0,0.11833333333333333,0
19,heuristic_enhanced,"[1, 2, 3, 4, 5, 6]","[[6, 17, 20, 35, 36, 38], [3, 12, 22, 31, 33, 40], [6, 10, 25, 31, 34, 40]]",False,False,False,1,0.9527272727272728,0.625,0.0,0.12027272727272728,1
19,omega_hybrid,"[1, 2, 3, 4, 5, 6]","[[15, 21, 22, 26, 32, 37], [13, 19, 27, 32, 39, 40]]",False,False,False,0,0.9090909090909091,0.275,0.0,0.09090909090909091,0
19,omega_production,"[1, 2, 3, 4, 5, 6]","[[2, 8, 9, 15, 16, 18], [2, 3, 6, 7, 28, 35], [2, 6, 13, 14, 15, 33]]",False,False,False,3,0.8763636363636363,0.5,0.0,0.16263636363636363,1
19,omega_pipeline,"[1, 2, 3, 4, 5, 6]","[[2, 8, 9, 15, 16, 18], [2, 3, 6, 7, 28, 35], [2, 6, 13, 14, 15, 33]]",False,False,False,3,0.8363636363636364,0.35,0.0,0.15863636363636363,1
19,omega_agentic,"[1, 2, 3, 4, 5, 6]","[[11, 16, 30, 34, 35, 39], [4, 5, 8, 10, 18, 23], [8, 15, 16, 17, 23, 32]]",False,False,False,2,0.9030303030303031,0.375,0.0,0.14030303030303032,0
20,heuristic_enhanced,"[1, 2, 3, 4, 5, 6]","[[1, 3, 16, 20, 23, 30], [10, 17, 25, 29, 30, 36], [8, 13, 19, 23, 24, 28]]",False,False,False,2,0.9236363636363636,0.575,0.0,0.14236363636363636,2
20,omega_hybrid,"[1, 2, 3, 4, 5, 6]","[[15, 17, 25, 26, 28, 33], [4, 5, 19, 23, 28, 38]]",False,False,False,2,0.9090909090909091,0.275,0.0,0.1409090909090909,0
20,omega_production,"[1, 2, 3, 4, 5, 6]","[[2, 8, 9, 15, 16, 18], [2, 3, 6, 7, 28, 35], [2, 6, 13, 14, 15, 33]]",False,False,False,3,0.8763636363636363,0.5,0.0,0.16263636363636363,1
20,omega_pipeline,"[1, 2, 3, 4, 5, 6]","[[2, 8, 9, 15, 16, 18], [2, 3, 6, 7, 28, 35], [2, 6, 13, 14, 15, 33]]",False,False,False,3,0.8363636363636364,0.35,0.0,0.15863636363636363,1
20,omega_agentic,"[1, 2, 3, 4, 5, 6]","[[15, 21, 26, 35, 38, 39], [1, 9, 12, 13, 19, 37], [14, 18, 19, 20, 25, 30]]",False,False,False,1,0.9696969696969697,0.425,0.0,0.12196969696969698,0
21,heuristic_enhanced,"[1, 2, 3, 4, 5, 6]","[[6, 9, 17, 18, 29, 33], [3, 7, 13, 16, 34, 38], [11, 24, 27, 30, 33, 40]]",False,False,False,1,0.9436363636363636,0.6,0.0,0.11936363636363637,1
21,omega_hybrid,"[1, 2, 3, 4, 5, 6]","[[14, 19, 24, 25, 26, 28], [4, 6, 7, 17, 28, 36]]",False,False,False,2,0.9090909090909091,0.275,0.0,0.1409090909090909,0
21,omega_production,"[1, 2, 3, 4, 5, 6]","[[2, 8, 9, 15, 16, 18], [2, 3, 6, 7, 28, 35], [2, 6, 13, 14, 15, 33]]",False,False,False,3,0.8763636363636363,0.5,0.0,0.16263636363636363,1
21,omega_pipeline,"[1, 2, 3, 4, 5, 6]","[[2, 8, 9, 15, 16, 18], [2, 3, 6, 7, 28, 35], [2, 6, 13, 14, 15, 33]]",False,False,False,3,0.8363636363636364,0.35,0.0,0.15863636363636363,1
21,omega_agentic,"[1, 2, 3, 4, 5, 6]","[[12, 19, 22, 29, 38, 40], [6, 14, 24, 26, 30, 32], [7, 14, 20, 21, 31, 33]]",False,False,False,1,0.9696969696969697,0.425,0.0,0.12196969696969698,0
22,heuristic_enhanced,"[1, 2, 3, 4, 5, 6]","[[7, 9, 18, 27, 33, 36], [10, 17, 20, 29, 35, 36], [8, 12, 17, 18, 29, 37]]",False,False,False,1,0.9254545454545454,0.55,0.0,0.11754545454545454,0
22,omega_hybrid,"[1, 2, 3, 4, 5, 6]","[[15, 19, 25, 27, 28, 40], [6, 10, 19, 20, 35, 39]]",False,False,False,1,0.9090909090909091,0.275,0.0,0.1159090909090909,0
22,omega_production,"[1, 2, 3, 4, 5, 6]","[[2, 8, 9, 15, 16, 18], [2, 3, 6, 7, 28, 35], [2, 6, 13, 14, 15, 33]]",False,False,False,3,0.8763636363636363,0.5,0.0,0.16263636363636363,1
22,omega_pipeline,"[1, 2, 3, 4, 5, 6]","[[2, 8, 9, 15, 16, 18], [2, 3, 6, 7, 28, 35], [2, 6, 13, 14, 15, 33]]",False,False,False,3,0.8363636363636364,0.35,0.0,0.15863636363636363,1
22,omega_agentic,"[1, 2, 3, 4, 5, 6]","[[14, 18, 30, 37, 38, 40], [18, 23, 26, 36, 37, 40], [5, 7, 8, 9, 10, 17]]",False,False,False,1,0.8888888888888888,0.375,0.0,0.11388888888888889,0
23,heuristic_enhanced,"[1, 2, 3, 4, 5, 6]","[[7, 11, 13, 30, 36, 40], [5, 16, 20, 21, 31, 32], [2, 12, 17, 21, 25, 35]]",False,False,False,1,0.8927272727272727,0.525,0.0,0.11427272727272728,0
23,omega_hybrid,"[1, 2, 3, 4, 5, 6]","[[11, 17, 28, 29, 31, 40], [15, 16, 23, 30, 33, 40]]",False,False,False,0,0.9090909090909091,0.275,0.0,0.09090909090909091,0
23,omega_production,"[1, 2, 3, 4, 5, 6]","[[2, 8, 9, 15, 16, 18], [2, 3, 6, 7, 28, 35], [2, 6, 13, 14, 15, 33]]",False,False,False,3,0.8763636363636363,0.5,0.0,0.16263636363636363,1
23,omega_pipeline,"[1, 2, 3, 4, 5, 6]","[[2, 8, 9, 15, 16, 18], [2, 3, 6, 7, 28, 35], [2, 6, 13, 14, 15, 33]]",False,False,False,3,0.8363636363636364,0.35,0.0,0.15863636363636363,1
23,omega_agentic,"[1, 2, 3, 4, 5, 6]","[[12, 14, 22, 25, 31, 32], [5, 14, 22, 31, 34, 38], [11, 16, 18, 22, 25, 26]]",False,False,False,1,0.7919191919191919,0.325,0.0,0.1041919191919192,0
24,heuristic_enhanced,"[1, 2, 3, 4, 5, 6]","[[5, 7, 11, 28, 34, 39], [1, 21, 22, 23, 33, 39], [3, 6, 16, 24, 26, 31]]",False,False,False,2,0.9145454545454546,0.55,0.0,0.14145454545454544,1
24,omega_hybrid,"[1, 2, 3, 4, 5, 6]","[[11, 12, 24, 25, 27, 38], [7, 8, 16, 28, 30, 38]]",False,False,False,0,0.9090909090909091,0.275,0.0,0.09090909090909091,0
24,omega_production,"[1, 2, 3, 4, 5, 6]","[[2, 8, 9, 15, 16, 18], [2, 3, 6, 7, 28, 35], [2, 6, 13, 14, 15, 33]]",False,False,False,3,0.8763636363636363,0.5,0.0,0.16263636363636363,1
24,omega_pipeline,"[1, 2, 3, 4, 5, 6]","[[2, 8, 9, 15, 16, 18], [2, 3, 6, 7, 28, 35], [2, 6, 13, 14, 15, 33]]",False,False,False,3,0.8363636363636364,0.35,0.0,0.15863636363636363,1
24,omega_agentic,"[1, 2, 3, 4, 5, 6]","[[13, 19, 22, 26, 34, 37], [3, 11, 13, 22, 26, 36], [15, 16, 18, 19, 32, 33]]",False,False,False,1,0.8585858585858586,0.35,0.0,0.11085858585858585,0
25,heuristic_enhanced,"[1, 2, 3, 4, 5, 6]","[[3, 4, 23, 28, 34, 40], [8, 12, 13, 14, 25, 33], [2, 7, 22, 29, 31, 38]]",False,False,False,2,0.9121212121212121,0.55,0.0,0.1412121212121212,2
25,omega_hybrid,"[1, 2, 3, 4, 5, 6]","[[16, 20, 26, 31, 32, 33], [8, 13, 26, 31, 38, 39]]",False,False,False,0,0.8,0.25,0.0,0.08000000000000002,0
25,omega_production,"[1, 2, 3, 4, 5, 6]","[[2, 8, 9, 15, 16, 18], [2, 3, 6, 7, 28, 35], [2, 6, 13, 14, 15, 33]]",False,False,False,3,0.8763636363636363,0.5,0.0,0.16263636363636363,1
25,omega_pipeline,"[1, 2, 3, 4, 5, 6]","[[2, 8, 9, 15, 16, 18], [2, 3, 6, 7, 28, 35], [2, 6, 13, 14, 15, 33]]",False,False,False,3,0.8363636363636364,0.35,0.0,0.15863636363636363,1
25,omega_agentic,"[1, 2, 3, 4, 5, 6]","[[12, 13, 29, 36, 38, 39], [2, 10, 12, 15, 24, 31], [9, 13, 25, 28, 29, 33]]",False,False,False,1,0.9030303030303031,0.375,0.0,0.11530303030303031,0
26,heuristic_enhanced,"[1, 2, 3, 4, 5, 6]","[[10, 19, 20, 21, 32, 35], [8, 9, 15, 18, 26, 34], [9, 12, 13, 15, 29, 31]]",False,False,False,1,0.9175757575757576,0.575,0.0,0.11675757575757575,0
26,omega_hybrid,"[1, 2, 3, 4, 5, 6]","[[10, 20, 27, 30, 32, 35], [8, 15, 21, 23, 31, 34]]",False,False,False,0,1.0,0.3,0.0,0.1,0
26,omega_production,"[1, 2, 3, 4, 5, 6]","[[2, 8, 9, 15, 16, 18], [2, 3, 6, 7, 28, 35], [2, 6, 13, 14, 15, 33]]",False,False,False,3,0.8763636363636363,0.5,0.0,0.16263636363636363,1
26,omega_pipeline,"[1, 2, 3, 4, 5, 6]","[[2, 8, 9, 15, 16, 18], [2, 3, 6, 7, 28, 35], [2, 6, 13, 14, 15, 33]]",False,False,False,3,0.8363636363636364,0.35,0.0,0.15863636363636363,1
26,omega_agentic,"[1, 2, 3, 4, 5, 6]","[[15, 20, 23, 24, 34, 35], [15, 16, 20, 23, 32, 34], [13, 18, 21, 22, 25, 34]]",False,False,False,0,0.7727272727272727,0.325,0.0,0.07727272727272727,0
27,heuristic_enhanced,"[1, 2, 3, 4, 5, 6]","[[1, 13, 26, 29, 38, 39], [7, 20, 22, 30, 36, 38], [4, 6, 16, 21, 26, 37]]",False,False,False,2,0.9436363636363636,0.6,0.0,0.14436363636363636,1
27,omega_hybrid,"[1, 2, 3, 4, 5, 6]","[[12, 21, 24, 26, 27, 38], [4, 13, 17, 21, 22, 39]]",False,False,False,1,0.9090909090909091,0.275,0.0,0.1159090909090909,0
27,omega_production,"[1, 2, 3, 4, 5, 6]","[[2, 8, 9, 15, 16, 18], [2, 3, 6, 7, 28, 35], [2, 6, 13, 14, 15, 33]]",False,False,False,3,0.8763636363636363,0.5,0.0,0.16263636363636363,1
27,omega_pipeline,"[1, 2, 3, 4, 5, 6]","[[2, 8, 9, 15, 16, 18], [2, 3, 6, 7, 28, 35], [2, 6, 13, 14, 15, 33]]",False,False,False,3,0.8363636363636364,0.35,0.0,0.15863636363636363,1
27,omega_agentic,"[1, 2, 3, 4, 5, 6]","[[11, 17, 28, 31, 36, 40], [8, 15, 20, 23, 33, 38], [7, 8, 13, 17, 24, 33]]",False,False,False,0,0.9030303030303031,0.375,0.0,0.09030303030303032,0
28,heuristic_enhanced,"[1, 2, 3, 4, 5, 6]","[[5, 7, 20, 22, 28, 33], [6, 12, 16, 18, 30, 35], [7, 10, 14, 22, 27, 31]]",False,False,False,2,0.9103030303030303,0.55,0.0,0.14103030303030303,1
28,omega_hybrid,"[1, 2, 3, 4, 5, 6]","[[12, 19, 22, 31, 34, 40], [3, 7, 12, 18, 26, 36]]",False,False,False,1,0.9090909090909091,0.275,0.0,0.1159090909090909,0
28,omega_production,"[1, 2, 3, 4, 5, 6]","[[2, 8, 9, 15, 16, 18], [2, 3, 6, 7, 28, 35], [2, 6, 13, 14, 15, 33]]",False,False,False,3,0.8763636363636363,0.5,0.0,0.16263636363636363,1
28,omega_pipeline,"[1, 2, 3, 4, 5, 6]","[[2, 8, 9, 15, 16, 18], [2, 3, 6, 7, 28, 35], [2, 6, 13, 14, 15, 33]]",False,False,False,3,0.8363636363636364,0.35,0.0,0.15863636363636363,1
28,omega_agentic,"[1, 2, 3, 4, 5, 6]","[[15, 19, 29, 31, 32, 34], [18, 21, 22, 25, 30, 36], [5, 11, 13, 20, 24, 31]]",False,False,False,1,0.9696969696969697,0.425,0.0,0.12196969696969698,0
29,heuristic_enhanced,"[1, 2, 3, 4, 5, 6]","[[2, 5, 9, 23, 27, 36], [1, 16, 17, 28, 34, 40], [2, 7, 17, 18, 30, 33]]",False,False,False,2,0.9254545454545454,0.575,0.0,0.14254545454545453,2
29,omega_hybrid,"[1, 2, 3, 4, 5, 6]","[[13, 21, 24, 25, 34, 38], [9, 14, 29, 31, 34, 35]]",False,False,False,0,0.9090909090909091,0.275,0.0,0.09090909090909091,0
29,omega_production,"[1, 2, 3, 4, 5, 6]","[[2, 8, 9, 15, 16, 18], [2, 3, 6, 7, 28, 35], [2, 6, 13, 14, 15, 33]]",False,False,False,3,0.8763636363636363,0.5,0.0,0.16263636363636363,1
29,omega_pipeline,"[1, 2, 3, 4, 5, 6]","[[2, 8, 9, 15, 16, 18], [2, 3, 6, 7, 28, 35], [2, 6, 13, 14, 15, 33]]",False,False,False,3,0.8363636363636364,0.35,0.0,0.15863636363636363,1
29,omega_agentic,"[1, 2, 3, 4, 5, 6]","[[15, 19, 27, 28, 29, 40], [1, 2, 3, 4, 11, 22], [12, 13, 22, 24, 27, 30]]",False,False,False,4,0.9393939393939394,0.4,0.0,0.19393939393939394,0
30,heuristic_enhanced,"[1, 2, 3, 4, 5, 6]","[[2, 8, 14, 21, 29, 32], [1, 8, 18, 19, 21, 33], [5, 6, 11, 19, 34, 40]]",False,False,False,2,0.8903030303030303,0.5,0.0,0.13903030303030303,1
30,omega_hybrid,"[1, 2, 3, 4, 5, 6]","[[13, 19, 22, 24, 27, 35], [6, 14, 20, 22, 28, 31]]",False,False,False,1,0.9090909090909091,0.275,0.0,0.1159090909090909,0
30,omega_production,"[1, 2, 3, 4, 5, 6]","[[2, 8, 9, 15, 16, 18], [2, 3, 6, 7, 28, 35], [2, 6, 13, 14, 15, 33]]",False,False,False,3,0.8763636363636363,0.5,0.0,0.16263636363636363,1
30,omega_pipeline,"[1, 2, 3, 4, 5, 6]","[[2, 8, 9, 15, 16, 18], [2, 3, 6, 7, 28, 35], [2, 6, 13, 14, 15, 33]]",False,False,False,3,0.8363636363636364,0.35,0.0,0.15863636363636363,1
30,omega_agentic,"[1, 2, 3, 4, 5, 6]","[[11, 18, 23, 25, 28, 39], [7, 13, 24, 28, 34, 35], [15, 22, 23, 26, 32, 33]]",False,False,False,0,0.9393939393939394,0.4,0.0,0.09393939393939395,0
31,heuristic_enhanced,"[1, 2, 3, 4, 5, 6]","[[3, 8, 23, 26, 27, 29], [10, 12, 26, 34, 37, 38], [2, 9, 14, 22, 28, 29]]",False,False,False,1,0.8921212121212121,0.525,0.0,0.11421212121212121,1
31,omega_hybrid,"[1, 2, 3, 4, 5, 6]","[[13, 18, 23, 26, 29, 32], [4, 6, 16, 19, 21, 24]]",False,False,False,2,1.0,0.3,0.0,0.15,0
31,omega_production,"[1, 2, 3, 4, 5, 6]","[[2, 8, 9, 15, 16, 18], [2, 3, 6, 7, 28, 35], [2, 6, 13, 14, 15, 33]]",False,False,False,3,0.8763636363636363,0.5,0.0,0.16263636363636363,1
31,omega_pipeline,"[1, 2, 3, 4, 5, 6]","[[2, 8, 9, 15, 16, 18], [2, 3, 6, 7, 28, 35], [2, 6, 13, 14, 15, 33]]",False,False,False,3,0.8363636363636364,0.35,0.0,0.15863636363636363,1
31,omega_agentic,"[1, 2, 3, 4, 5, 6]","[[14, 16, 33, 35, 36, 38], [9, 14, 15, 18, 23, 25], [7, 11, 13, 14, 32, 33]]",False,False,False,0,0.8727272727272727,0.375,0.0,0.08727272727272728,0
32,heuristic_enhanced,"[1, 2, 3, 4, 5, 6]","[[3, 4, 13, 28, 32, 33], [9, 23, 26, 28, 31, 40], [2, 8, 9, 14, 36, 40]]",False,False,False,2,0.9036363636363637,0.55,0.0,0.14036363636363636,2
32,omega_hybrid,"[1, 2, 3, 4, 5, 6]","[[10, 15, 23, 25, 32, 35], [10, 11, 16, 19, 28, 30]]",False,False,False,0,0.9090909090909091,0.275,0.0,0.09090909090909091,0
32,omega_production,"[1, 2, 3, 4, 5, 6]","[[2, 8, 9, 15, 16, 18], [2, 3, 6, 7, 28, 35], [2, 6, 13, 14, 15, 33]]",False,False,False,3,0.8763636363636363,0.5,0.0,0.16263636363636363,1
32,omega_pipeline,"[1, 2, 3, 4, 5, 6]","[[2, 8, 9, 15, 16, 18], [2, 3, 6, 7, 28, 35], [2, 6, 13, 14, 15, 33]]",False,False,False,3,0.8363636363636364,0.35,0.0,0.15863636363636363,1
32,omega_agentic,"[1, 2, 3, 4, 5, 6]","[[13, 20, 29, 32, 36, 37], [3, 4, 12, 23, 24, 27], [16, 18, 20, 21, 25, 32]]",False,False,False,2,0.9333333333333333,0.4,0.0,0.14333333333333334,0
33,heuristic_enhanced,"[1, 2, 3, 4, 5, 6]","[[1, 13, 15, 18, 24, 40], [6, 14, 21, 26, 28, 32], [4, 6, 12, 29, 31, 39]]",False,False,False,2,0.9236363636363636,0.575,0.0,0.14236363636363636,1
33,omega_hybrid,"[1, 2, 3, 4, 5, 6]","[[13, 20, 24, 25, 29, 34], [9, 14, 24, 32, 34, 36]]",False,False,False,0,0.8,0.25,0.0,0.08000000000000002,0
33,omega_production,"[1, 2, 3, 4, 5, 6]","[[2, 8, 9, 15, 16, 18], [2, 3, 6, 7, 28, 35], [2, 6, 13, 14, 15, 33]]",False,False,False,3,0.8763636363636363,0.5,0.0,0.16263636363636363,1
33,omega_pipeline,"[1, 2, 3, 4, 5, 6]","[[2, 8, 9, 15, 16, 18], [2, 3, 6, 7, 28, 35], [2, 6, 13, 14, 15, 33]]",False,False,False,3,0.8363636363636364,0.35,0.0,0.15863636363636363,1
33,omega_agentic,"[1, 2, 3, 4, 5, 6]","[[10, 12, 28, 29, 36, 39], [1, 14, 25, 26, 36, 40], [9, 12, 24, 30, 31, 34]]",False,False,False,1,0.9393939393939394,0.4,0.0,0.11893939393939394,0
34,heuristic_enhanced,"[1, 2, 3, 4, 5, 6]","[[1, 14, 16, 18, 25, 29], [5, 11, 13, 28, 30, 31], [3, 8, 11, 14, 24, 32]]",False,False,False,1,0.9121212121212121,0.55,0.0,0.11621212121212121,1
34,omega_hybrid,"[1, 2, 3, 4, 5, 6]","[[14, 20, 22, 26, 27, 36], [3, 9, 10, 13, 31, 34]]",False,False,False,1,1.0,0.3,0.0,0.125,0
34,omega_production,"[1, 2, 3, 4, 5, 6]","[[2, 8, 9, 15, 16, 18], [2, 3, 6, 7, 28, 35], [2, 6, 13, 14, 15, 33]]",False,False,False,3,0.8763636363636363,0.5,0.0,0.16263636363636363,1
34,omega_pipeline,"[1, 2, 3, 4, 5, 6]","[[2, 8, 9, 15, 16, 18], [2, 3, 6, 7, 28, 35], [2, 6, 13, 14, 15, 33]]",False,False,False,3,0.8363636363636364,0.35,0.0,0.15863636363636363,1
34,omega_agentic,"[1, 2, 3, 4, 5, 6]","[[15, 19, 25, 36, 37, 40], [7, 13, 16, 18, 31, 39], [5, 7, 11, 21, 22, 30]]",False,False,False,1,0.9696969696969697,0.425,0.0,0.12196969696969698,0
35,heuristic_enhanced,"[1, 2, 3, 4, 5, 6]","[[1, 2, 14, 27, 37, 38], [10, 16, 20, 25, 27, 38], [7, 12, 13, 27, 34, 36]]",False,False,False,2,0.9145454545454546,0.6,0.0,0.14145454545454544,2
35,omega_hybrid,"[1, 2, 3, 4, 5, 6]","[[13, 21, 29, 32, 38, 40], [4, 5, 9, 20, 31, 35]]",False,False,False,2,1.0,0.3,0.0,0.15,0
35,omega_production,"[1, 2, 3, 4, 5, 6]","[[2, 8, 9, 15, 16, 18], [2, 3, 6, 7, 28, 35], [2, 6, 13, 14, 15, 33]]",False,False,False,3,0.8763636363636363,0.5,0.0,0.16263636363636363,1
35,omega_pipeline,"[1, 2, 3, 4, 5, 6]","[[2, 8, 9, 15, 16, 18], [2, 3, 6, 7, 28, 35], [2, 6, 13, 14, 15, 33]]",False,False,False,3,0.8363636363636364,0.35,0.0,0.15863636363636363,1
35,omega_agentic,"[1, 2, 3, 4, 5, 6]","[[11, 19, 29, 35, 39, 40], [2, 3, 21, 30, 31, 40], [8, 10, 12, 15, 24, 30]]",False,False,False,2,0.9393939393939394,0.4,0.0,0.14393939393939395,0
36,heuristic_enhanced,"[1, 2, 3, 4, 5, 6]","[[9, 12, 15, 26, 32, 39], [12, 20, 21, 26, 29, 33], [8, 12, 25, 30, 38, 39]]",False,False,False,1,0.8612121212121212,0.475,0.0,0.11112121212121212,0
36,omega_hybrid,"[1, 2, 3, 4, 5, 6]","[[16, 19, 24, 27, 35, 40], [5, 6, 17, 20, 31, 32]]",False,False,False,2,1.0,0.3,0.0,0.15,0
36,omega_production,"[1, 2, 3, 4, 5, 6]","[[2, 8, 9, 15, 16, 18], [2, 3, 6, 7, 28, 35], [2, 6, 13, 14, 15, 33]]",False,False,False,3,0.8763636363636363,0.5,0.0,0.16263636363636363,1
36,omega_pipeline,"[1, 2, 3, 4, 5, 6]","[[2, 8, 9, 15, 16, 18], [2, 3, 6, 7, 28, 35], [2, 6, 13, 14, 15, 33]]",False,False,False,3,0.8363636363636364,0.35,0.0,0.15863636363636363,1
36,omega_agentic,"[1, 2, 3, 4, 5, 6]","[[15, 20, 25, 30, 31, 40], [5, 7, 8, 18, 24, 34], [5, 9, 10, 20, 25, 29]]",False,False,False,1,0.9030303030303031,0.375,0.0,0.11530303030303031,0
37,heuristic_enhanced,"[1, 2, 3, 4, 5, 6]","[[5, 13, 15, 27, 38, 39], [8, 16, 18, 22, 24, 37], [1, 10, 14, 15, 31, 33]]",False,False,False,1,0.9454545454545454,0.6,0.0,0.11954545454545454,1
37,omega_hybrid,"[1, 2, 3, 4, 5, 6]","[[10, 12, 24, 26, 28, 29], [5, 20, 21, 25, 34, 37]]",False,False,False,1,1.0,0.3,0.0,0.125,0
37,omega_production,"[1, 2, 3, 4, 5, 6]","[[2, 8, 9, 15, 16, 18], [2, 3, 6, 7, 28, 35], [2, 6, 13, 14, 15, 33]]",False,False,False,3,0.8763636363636363,0.5,0.0,0.16263636363636363,1
37,omega_pipeline,"[1, 2, 3, 4, 5, 6]","[[2, 8, 9, 15, 16, 18], [2, 3, 6, 7, 28, 35], [2, 6, 13, 14, 15, 33]]",False,False,False,3,0.8363636363636364,0.35,0.0,0.15863636363636363,1
37,omega_agentic,"[1, 2, 3, 4, 5, 6]","[[18, 21, 23, 25, 38, 40], [1, 3, 17, 21, 28, 31], [7, 9, 10, 12, 13, 16]]",False,False,False,2,0.9696969696969697,0.425,0.0,0.14696969696969697,0
38,heuristic_enhanced,"[1, 2, 3, 4, 5, 6]","[[7, 9, 12, 16, 26, 35], [10, 16, 19, 23, 35, 36], [4, 14, 16, 17, 21, 34]]",False,False,False,1,0.9145454545454546,0.55,0.0,0.11645454545454545,0
38,omega_hybrid,"[1, 2, 3, 4, 5, 6]","[[13, 14, 22, 23, 36, 38], [8, 10, 14, 25, 30, 38]]",False,False,False,0,0.8,0.25,0.0,0.08000000000000002,0
38,omega_production,"[1, 2, 3, 4, 5, 6]","[[2, 8, 9, 15, 16, 18], [2, 3, 6, 7, 28, 35], [2, 6, 13, 14, 15, 33]]",False,False,False,3,0.8763636363636363,0.5,0.0,0.16263636363636363,1
38,omega_pipeline,"[1, 2, 3, 4, 5, 6]","[[2, 8, 9, 15, 16, 18], [2, 3, 6, 7, 28, 35], [2, 6, 13, 14, 15, 33]]",False,False,False,3,0.8363636363636364,0.35,0.0,0.15863636363636363,1
38,omega_agentic,"[1, 2, 3, 4, 5, 6]","[[16, 19, 24, 26, 34, 36], [1, 11, 12, 13, 35, 37], [5, 9, 12, 17, 21, 22]]",False,False,False,1,0.9696969696969697,0.425,0.0,0.12196969696969698,0
39,heuristic_enhanced,"[1, 2, 3, 4, 5, 6]","[[3, 6, 17, 22, 32, 39], [5, 18, 23, 27, 33, 40], [6, 12, 19, 29, 35, 38]]",False,False,False,2,0.9618181818181818,0.65,0.0,0.1461818181818182,2
39,omega_hybrid,"[1, 2, 3, 4, 5, 6]","[[13, 15, 35, 36, 38, 40], [6, 14, 16, 24, 31, 36]]",False,False,False,1,0.9090909090909091,0.275,0.0,0.1159090909090909,0
39,omega_production,"[1, 2, 3, 4, 5, 6]","[[2, 8, 9, 15, 16, 18], [2, 3, 6, 7, 28, 35], [2, 6, 13, 14, 15, 33]]",False,False,False,3,0.8763636363636363,0.5,0.0,0.16263636363636363,1
39,omega_pipeline,"[1, 2, 3, 4, 5, 6]","[[2, 8, 9, 15, 16, 18], [2, 3, 6, 7, 28, 35], [2, 6, 13, 14, 15, 33]]",False,False,False,3,0.8363636363636364,0.35,0.0,0.15863636363636363,1
39,omega_agentic,"[1, 2, 3, 4, 5, 6]","[[10, 14, 22, 29, 34, 35], [4, 12, 13, 17, 18, 21], [5, 9, 13, 18, 20, 22]]",False,False,False,1,0.9030303030303031,0.375,0.0,0.11530303030303031,0
40,heuristic_enhanced,"[1, 2, 3, 4, 5, 6]","[[8, 12, 15, 16, 26, 34], [9, 11, 16, 21, 32, 38], [3, 10, 13, 28, 30, 32]]",False,False,False,1,0.8478787878787879,0.475,0.0,0.1097878787878788,0
40,omega_hybrid,"[1, 2, 3, 4, 5, 6]","[[15, 21, 25, 35, 37, 40], [1, 8, 30, 32, 36, 37]]",False,False,False,1,0.9090909090909091,0.275,0.0,0.1159090909090909,0
40,omega_production,"[1, 2, 3, 4, 5, 6]","[[2, 8, 9, 15, 16, 18], [2, 3, 6, 7, 28, 35], [2, 6, 13, 14, 15, 33]]",False,False,False,3,0.8763636363636363,0.5,0.0,0.16263636363636363,1
40,omega_pipeline,"[1, 2, 3, 4, 5, 6]","[[2, 8, 9, 15, 16, 18], [2, 3, 6, 7, 28, 35], [2, 6, 13, 14, 15, 33]]",False,False,False,3,0.8363636363636364,0.35,0.0,0.15863636363636363,1
40,omega_agentic,"[1, 2, 3, 4, 5, 6]","[[10, 20, 24, 27, 28, 34], [1, 4, 8, 9, 22, 25], [6, 10, 15, 21, 23, 30]]",False,False,False,2,0.9696969696969697,0.425,0.0,0.14696969696969697,0
41,heuristic_enhanced,"[1, 2, 3, 4, 5, 6]","[[2, 4, 11, 22, 27, 40], [3, 11, 16, 21, 27, 35], [1, 6, 12, 17, 32, 34]]",False,False,False,2,0.9127272727272727,0.55,0.0,0.14127272727272727,2
41,omega_hybrid,"[1, 2, 3, 4, 5, 6]","[[10, 20, 25, 30, 35, 36], [4, 12, 15, 19, 23, 33]]",False,False,False,1,1.0,0.3,0.0,0.125,0
41,omega_production,"[1, 2, 3, 4, 5, 6]","[[2, 8, 9, 15, 16, 18], [2, 3, 6, 7, 28, 35], [2, 6, 13, 14, 15, 33]]",False,False,False,3,0.8763636363636363,0.5,0.0,0.16263636363636363,1
41,omega_pipeline,"[1, 2, 3, 4, 5, 6]","[[2, 8, 9, 15, 16, 18], [2, 3, 6, 7, 28, 35], [2, 6, 13, 14, 15, 33]]",False,False,False,3,0.8363636363636364,0.35,0.0,0.15863636363636363,1
41,omega_agentic,"[1, 2, 3, 4, 5, 6]","[[11, 15, 33, 36, 38, 39], [20, 28, 29, 32, 35, 36], [5, 17, 18, 28, 30, 33]]",False,False,False,1,0.9090909090909091,0.375,0.0,0.1159090909090909,0
42,heuristic_enhanced,"[1, 2, 3, 4, 5, 6]","[[3, 7, 13, 16, 31, 33], [11, 12, 14, 27, 30, 38], [11, 12, 13, 18, 24, 38]]",False,False,False,1,0.9012121212121212,0.525,0.0,0.11512121212121212,1
42,omega_hybrid,"[1, 2, 3, 4, 5, 6]","[[11, 15, 24, 27, 34, 38], [4, 8, 29, 30, 33, 36]]",False,False,False,1,1.0,0.3,0.0,0.125,0
42,omega_production,"[1, 2, 3, 4, 5, 6]","[[2, 8, 9, 15, 16, 18], [2, 3, 6, 7, 28, 35], [2, 6, 13, 14, 15, 33]]",False,False,False,3,0.8763636363636363,0.5,0.0,0.16263636363636363,1
42,omega_pipeline,"[1, 2, 3, 4, 5, 6]","[[2, 8, 9, 15, 16, 18], [2, 3, 6, 7, 28, 35], [2, 6, 13, 14, 15, 33]]",False,False,False,3,0.8363636363636364,0.35,0.0,0.15863636363636363,1
42,omega_agentic,"[1, 2, 3, 4, 5, 6]","[[12, 18, 28, 35, 37, 39], [8, 9, 14, 17, 26, 28], [11, 13, 24, 28, 31, 34]]",False,False,False,0,0.9090909090909091,0.4,0.0,0.09090909090909091,0
43,heuristic_enhanced,"[1, 2, 3, 4, 5, 6]","[[4, 8, 9, 16, 32, 34], [1, 3, 5, 34, 35, 38], [12, 13, 17, 22, 31, 38]]",False,False,False,3,0.8945454545454545,0.525,0.0,0.16445454545454546,1
43,omega_hybrid,"[1, 2, 3, 4, 5, 6]","[[17, 18, 27, 29, 30, 33], [2, 15, 19, 25, 33, 40]]",False,False,False,1,0.9090909090909091,0.275,0.0,0.1159090909090909,0
43,omega_production,"[1, 2, 3, 4, 5, 6]","[[2, 8, 9, 15, 16, 18], [2, 3, 6, 7, 28, 35], [2, 6, 13, 14, 15, 33]]",False,False,False,3,0.8763636363636363,0.5,0.0,0.16263636363636363,1
43,omega_pipeline,"[1, 2, 3, 4, 5, 6]","[[2, 8, 9, 15, 16, 18], [2, 3, 6, 7, 28, 35], [2, 6, 13, 14, 15, 33]]",False,False,False,3,0.8363636363636364,0.35,0.0,0.15863636363636363,1
43,omega_agentic,"[1, 2, 3, 4, 5, 6]","[[17, 20, 24, 30, 32, 35], [1, 9, 12, 18, 23, 28], [5, 21, 23, 24, 28, 32]]",False,False,False,1,0.8666666666666667,0.35,0.0,0.11166666666666666,0
44,heuristic_enhanced,"[1, 2, 3, 4, 5, 6]","[[3, 12, 21, 22, 38, 40], [9, 24, 26, 31, 32, 38], [4, 7, 15, 28, 32, 36]]",False,False,False,1,0.9436363636363636,0.6,0.0,0.11936363636363637,1
44,omega_hybrid,"[1, 2, 3, 4, 5, 6]","[[11, 13, 28, 30, 34, 35], [15, 21, 22, 27, 29, 38]]",False,False,False,0,1.0,0.3,0.0,0.1,0
44,omega_production,"[1, 2, 3, 4, 5, 6]","[[2, 8, 9, 15, 16, 18], [2, 3, 6, 7, 28, 35], [2, 6, 13, 14, 15, 33]]",False,False,False,3,0.8763636363636363,0.5,0.0,0.16263636363636363,1
44,omega_pipeline,"[1, 2, 3, 4, 5, 6]","[[2, 8, 9, 15, 16, 18], [2, 3, 6, 7, 28, 35], [2, 6, 13, 14, 15, 33]]",False,False,False,3,0.8363636363636364,0.35,0.0,0.15863636363636363,1
44,omega_agentic,"[1, 2, 3, 4, 5, 6]","[[13, 17, 24, 25, 30, 33], [18, 32, 35, 36, 39, 40], [5, 18, 24, 25, 26, 30]]",False,False,False,1,0.8585858585858586,0.35,0.0,0.11085858585858585,0
45,heuristic_enhanced,"[1, 2, 3, 4, 5, 6]","[[10, 13, 24, 27, 37, 39], [5, 12, 13, 29, 36, 39], [8, 17, 25, 26, 34, 36]]",False,False,False,1,0.9145454545454546,0.55,0.0,0.11645454545454545,0
45,omega_hybrid,"[1, 2, 3, 4, 5, 6]","[[14, 15, 23, 26, 31, 37], [26, 29, 30, 33, 35, 37]]",False,False,False,0,0.8,0.25,0.0,0.08000000000000002,0
45,omega_production,"[1, 2, 3, 4, 5, 6]","[[2, 8, 9, 15, 16, 18], [2, 3, 6, 7, 28, 35], [2, 6, 13, 14, 15, 33]]",False,False,False,3,0.8763636363636363,0.5,0.0,0.16263636363636363,1
45,omega_pipeline,"[1, 2, 3, 4, 5, 6]","[[2, 8, 9, 15, 16, 18], [2, 3, 6, 7, 28, 35], [2, 6, 13, 14, 15, 33]]",False,False,False,3,0.8363636363636364,0.35,0.0,0.15863636363636363,1
45,omega_agentic,"[1, 2, 3, 4, 5, 6]","[[11, 20, 24, 28, 36, 39], [4, 9, 15, 17, 37, 40], [6, 8, 26, 29, 32, 34]]",False,False,False,1,1.0,0.45,0.0,0.125,0
46,heuristic_enhanced,"[1, 2, 3, 4, 5, 6]","[[11, 12, 26, 32, 34, 38], [11, 12, 13, 21, 30, 31], [3, 9, 14, 15, 20, 33]]",False,False,False,1,0.8993939393939394,0.5,0.0,0.11493939393939394,0
46,omega_hybrid,"[1, 2, 3, 4, 5, 6]","[[11, 18, 22, 37, 39, 40], [3, 13, 16, 18, 19, 34]]",False,False,False,1,0.9090909090909091,0.275,0.0,0.1159090909090909,0
46,omega_production,"[1, 2, 3, 4, 5, 6]","[[2, 8, 9, 15, 16, 18], [2, 3, 6, 7, 28, 35], [2, 6, 13, 14, 15, 33]]",False,False,False,3,0.8763636363636363,0.5,0.0,0.16263636363636363,1
46,omega_pipeline,"[1, 2, 3, 4, 5, 6]","[[2, 8, 9, 15, 16, 18], [2, 3, 6, 7, 28, 35], [2, 6, 13, 14, 15, 33]]",False,False,False,3,0.8363636363636364,0.35,0.0,0.15863636363636363,1
46,omega_agentic,"[1, 2, 3, 4, 5, 6]","[[20, 21, 26, 30, 36, 37], [9, 18, 23, 25, 31, 39], [13, 18, 30, 31, 32, 34]]",False,False,False,0,0.9030303030303031,0.375,0.0,0.09030303030303032,0
47,heuristic_enhanced,"[1, 2, 3, 4, 5, 6]","[[3, 4, 10, 18, 30, 35], [1, 2, 8, 16, 32, 38], [2, 12, 15, 21, 35, 38]]",False,False,False,2,0.9236363636363636,0.575,0.0,0.14236363636363636,2
47,omega_hybrid,"[1, 2, 3, 4, 5, 6]","[[16, 21, 25, 31, 38, 39], [9, 22, 23, 25, 35, 37]]",False,False,False,0,0.9090909090909091,0.275,0.0,0.09090909090909091,0
47,omega_production,"[1, 2, 3, 4, 5, 6]","[[2, 8, 9, 15, 16, 18], [2, 3, 6, 7, 28, 35], [2, 6, 13, 14, 15, 33]]",False,False,False,3,0.8763636363636363,0.5,0.0,0.16263636363636363,1
47,omega_pipeline,"[1, 2, 3, 4, 5, 6]","[[2, 8, 9, 15, 16, 18], [2, 3, 6, 7, 28, 35], [2, 6, 13, 14, 15, 33]]",False,False,False,3,0.8363636363636364,0.35,0.0,0.15863636363636363,1
47,omega_agentic,"[1, 2, 3, 4, 5, 6]","[[10, 12, 23, 30, 32, 36], [1, 2, 4, 21, 24, 29], [7, 15, 19, 24, 26, 31]]",False,False,False,3,0.9696969696969697,0.425,0.0,0.171969696969697,0
48,heuristic_enhanced,"[1, 2, 3, 4, 5, 6]","[[4, 8, 20, 23, 27, 32], [7, 15, 16, 21, 32, 35], [9, 14, 19, 21, 31, 36]]",False,False,False,1,0.9345454545454546,0.6,0.0,0.11845454545454545,1
48,omega_hybrid,"[1, 2, 3, 4, 5, 6]","[[19, 20, 27, 28, 31, 36], [12, 17, 18, 23, 33, 39]]",False,False,False,0,1.0,0.3,0.0,0.1,0
48,omega_production,"[1, 2, 3, 4, 5, 6]","[[2, 8, 9, 15, 16, 18], [2, 3, 6, 7, 28, 35], [2, 6, 13, 14, 15, 33]]",False,False,False,3,0.8763636363636363,0.5,0.0,0.16263636363636363,1
48,omega_pipeline,"[1, 2, 3, 4, 5, 6]","[[2, 8, 9, 15, 16, 18], [2, 3, 6, 7, 28, 35], [2, 6, 13, 14, 15, 33]]",False,False,False,3,0.8363636363636364,0.35,0.0,0.15863636363636363,1
48,omega_agentic,"[1, 2, 3, 4, 5, 6]","[[14, 17, 22, 29, 31, 38], [2, 5, 6, 15, 29, 30], [6, 14, 15, 18, 25, 33]]",False,False,False,3,0.8727272727272727,0.35,0.0,0.1622727272727273,0
49,heuristic_enhanced,"[1, 2, 3, 4, 5, 6]","[[4, 13, 15, 19, 32, 34], [10, 18, 21, 24, 30, 36], [1, 9, 16, 18, 24, 38]]",False,False,False,1,0.9145454545454546,0.55,0.0,0.11645454545454545,1
49,omega_hybrid,"[1, 2, 3, 4, 5, 6]","[[18, 20, 23, 26, 32, 36], [1, 4, 10, 15, 22, 37]]",False,False,False,2,1.0,0.3,0.0,0.15,0
49,omega_production,"[1, 2, 3, 4, 5, 6]","[[2, 8, 9, 15, 16, 18], [2, 3, 6, 7, 28, 35], [2, 6, 13, 14, 15, 33]]",False,False,False,3,0.8763636363636363,0.5,0.0,0.16263636363636363,1
49,omega_pipeline,"[1, 2, 3, 4, 5, 6]","[[2, 8, 9, 15, 16, 18], [2, 3, 6, 7, 28, 35], [2, 6, 13, 14, 15, 33]]",False,False,False,3,0.8363636363636364,0.35,0.0,0.15863636363636363,1
49,omega_agentic,"[1, 2, 3, 4, 5, 6]","[[10, 14, 23, 25, 32, 34], [9, 12, 21, 32, 35, 38], [8, 14, 16, 23, 27, 33]]",False,False,False,0,0.9030303030303031,0.375,0.0,0.09030303030303032,0
50,heuristic_enhanced,"[1, 2, 3, 4, 5, 6]","[[2, 8, 18, 25, 26, 33], [2, 10, 11, 25, 28, 30], [12, 16, 18, 24, 29, 39]]",False,False,False,1,0.9036363636363637,0.55,0.0,0.11536363636363636,1
50,omega_hybrid,"[1, 2, 3, 4, 5, 6]","[[19, 21, 28, 29, 31, 33], [2, 3, 4, 7, 25, 39]]",False,False,False,3,1.0,0.3,0.0,0.175,0
50,omega_production,"[1, 2, 3, 4, 5, 6]","[[2, 8, 9, 15, 16, 18], [2, 3, 6, 7, 28, 35], [2, 6, 13, 14, 15, 33]]",False,False,False,3,0.8763636363636363,0.5,0.0,0.16263636363636363,1
50,omega_pipeline,"[1, 2, 3, 4, 5, 6]","[[2, 8, 9, 15, 16, 18], [2, 3, 6, 7, 28, 35], [2, 6, 13, 14, 15, 33]]",False,False,False,3,0.8363636363636364,0.35,0.0,0.15863636363636363,1
50,omega_agentic,"[1, 2, 3, 4, 5, 6]","[[12, 17, 27, 32, 33, 40], [10, 11, 17, 18, 21, 22], [5, 9, 15, 18, 21, 25]]",False,False,False,1,0.9030303030303031,0.375,0.0,0.11530303030303031,0
51,heuristic_enhanced,"[1, 2, 3, 4, 5, 6]","[[4, 12, 19, 24, 25, 40], [11, 16, 18, 23, 25, 37], [1, 6, 19, 32, 35, 40]]",False,False,False,2,0.9436363636363636,0.625,0.0,0.14436363636363636,1
51,omega_hybrid,"[1, 2, 3, 4, 5, 6]","[[15, 17, 22, 28, 36, 37], [3, 6, 7, 13, 14, 19]]",False,False,False,2,1.0,0.3,0.0,0.15,0
51,omega_production,"[1, 2, 3, 4, 5, 6]","[[2, 8, 9, 15, 16, 18], [2, 3, 6, 7, 28, 35], [2, 6, 13, 14, 15, 33]]",False,False,False,3,0.8763636363636363,0.5,0.0,0.16263636363636363,1
51,omega_pipeline,"[1, 2, 3, 4, 5, 6]","[[2, 8, 9, 15, 16, 18], [2, 3, 6, 7, 28, 35], [2, 6, 13, 14, 15, 33]]",False,False,False,3,0.8363636363636364,0.35,0.0,0.15863636363636363,1
51,omega_agentic,"[1, 2, 3, 4, 5, 6]","[[13, 15, 24, 27, 37, 39], [9, 12, 18, 22, 24, 28], [5, 7, 12, 26, 27, 30]]",False,False,False,1,0.9090909090909091,0.375,0.0,0.1159090909090909,0
52,heuristic_enhanced,"[1, 2, 3, 4, 5, 6]","[[7, 12, 17, 26, 33, 40], [6, 10, 20, 21, 33, 38], [2, 4, 16, 23, 31, 33]]",False,False,False,2,0.9545454545454546,0.65,0.0,0.14545454545454545,0
52,omega_hybrid,"[1, 2, 3, 4, 5, 6]","[[12, 13, 23, 29, 31, 35], [2, 8, 11, 18, 19, 31]]",False,False,False,1,0.9090909090909091,0.275,0.0,0.1159090909090909,0
52,omega_production,"[1, 2, 3, 4, 5, 6]","[[2, 8, 9, 15, 16, 18], [2, 3, 6, 7, 28, 35], [2, 6, 13, 14, 15, 33]]",False,False,False,3,0.8763636363636363,0.5,0.0,0.16263636363636363,1
52,omega_pipeline,"[1, 2, 3, 4, 5, 6]","[[2, 8, 9, 15, 16, 18], [2, 3, 6, 7, 28, 35], [2, 6, 13, 14, 15, 33]]",False,False,False,3,0.8363636363636364,0.35,0.0,0.15863636363636363,1
52,omega_agentic,"[1, 2, 3, 4, 5, 6]","[[12, 21, 24, 29, 30, 37], [1, 2, 4, 9, 21, 31], [7, 9, 26, 30, 33, 34]]",False,False,False,3,0.9090909090909091,0.375,0.0,0.1659090909090909,0
53,heuristic_enhanced,"[1, 2, 3, 4, 5, 6]","[[4, 13, 21, 34, 39, 40], [3, 10, 20, 23, 28, 36], [8, 12, 13, 23, 25, 31]]",False,False,False,2,0.9327272727272727,0.575,0.0,0.14327272727272727,1
53,omega_hybrid,"[1, 2, 3, 4, 5, 6]","[[14, 16, 26, 27, 29, 38], [1, 2, 5, 9, 13, 26]]",False,False,False,3,0.9090909090909091,0.275,0.0,0.1659090909090909,0
53,omega_production,"[1, 2, 3, 4, 5, 6]","[[2, 8, 9, 15, 16, 18], [2, 3, 6, 7, 28, 35], [2, 6, 13, 14, 15, 33]]",False,False,False,3,0.8763636363636363,0.5,0.0,0.16263636363636363,1
53,omega_pipeline,"[1, 2, 3, 4, 5, 6]","[[2, 8, 9, 15, 16, 18], [2, 3, 6, 7, 28, 35], [2, 6, 13, 14, 15, 33]]",False,False,False,3,0.8363636363636364,0.35,0.0,0.15863636363636363,1
53,omega_agentic,"[1, 2, 3, 4, 5, 6]","[[11, 12, 24, 33, 34, 40], [1, 10, 16, 25, 36, 40], [6, 7, 9, 14, 15, 18]]",False,False,False,1,0.9696969696969697,0.425,0.0,0.12196969696969698,0
54,heuristic_enhanced,"[1, 2, 3, 4, 5, 6]","[[1, 9, 22, 29, 30, 31], [2, 5, 6, 18, 35, 39], [3, 5, 13, 17, 25, 35]]",False,False,False,3,0.9254545454545454,0.55,0.0,0.16754545454545455,1
54,omega_hybrid,"[1, 2, 3, 4, 5, 6]","[[11, 21, 23, 24, 32, 34], [5, 17, 25, 28, 36, 38]]",False,False,False,1,1.0,0.3,0.0,0.125,0
54,omega_production,"[1, 2, 3, 4, 5, 6]","[[2, 8, 9, 15, 16, 18], [2, 3, 6, 7, 28, 35], [2, 6, 13, 14, 15, 33]]",False,False,False,3,0.8763636363636363,0.5,0.0,0.16263636363636363,1
54,omega_pipeline,"[1, 2, 3, 4, 5, 6]","[[2, 8, 9, 15, 16, 18], [2, 3, 6, 7, 28, 35], [2, 6, 13, 14, 15, 33]]",False,False,False,3,0.8363636363636364,0.35,0.0,0.15863636363636363,1
54,omega_agentic,"[1, 2, 3, 4, 5, 6]","[[11, 17, 24, 27, 28, 35], [4, 8, 17, 28, 36, 39], [12, 13, 17, 27, 29, 30]]",False,False,False,1,0.8363636363636363,0.35,0.0,0.10863636363636363,0
55,heuristic_enhanced,"[1, 2, 3, 4, 5, 6]","[[5, 6, 21, 23, 29, 33], [6, 12, 20, 25, 36, 40], [8, 13, 15, 25, 34, 37]]",False,False,False,2,0.9545454545454546,0.625,0.0,0.14545454545454545,2
55,omega_hybrid,"[1, 2, 3, 4, 5, 6]","[[13, 14, 24, 25, 29, 32], [6, 20, 23, 25, 31, 38]]",False,False,False,1,0.9090909090909091,0.275,0.0,0.1159090909090909,0
55,omega_production,"[1, 2, 3, 4, 5, 6]","[[2, 8, 9, 15, 16, 18], [2, 3, 6, 7, 28, 35], [2, 6, 13, 14, 15, 33]]",False,False,False,3,0.8763636363636363,0.5,0.0,0.16263636363636363,1
55,omega_pipeline,"[1, 2, 3, 4, 5, 6]","[[2, 8, 9, 15, 16, 18], [2, 3, 6, 7, 28, 35], [2, 6, 13, 14, 15, 33]]",False,False,False,3,0.8363636363636364,0.35,0.0,0.15863636363636363,1
55,omega_agentic,"[1, 2, 3, 4, 5, 6]","[[11, 16, 29, 31, 32, 35], [6, 8, 11, 14, 29, 40], [6, 7, 12, 14, 24, 33]]",False,False,False,1,0.8666666666666667,0.35,0.0,0.11166666666666666,0
56,heuristic_enhanced,"[1, 2, 3, 4, 5, 6]","[[9, 11, 18, 36, 39, 40], [6, 8, 9, 23, 29, 37], [4, 10, 17, 26, 31, 39]]",False,False,False,1,0.9272727272727272,0.55,0.0,0.11772727272727272,0
56,omega_hybrid,"[1, 2, 3, 4, 5, 6]","[[16, 21, 26, 28, 33, 37], [1, 2, 8, 9, 11, 17]]",False,False,False,2,1.0,0.3,0.0,0.15,0
56,omega_production,"[1, 2, 3, 4, 5, 6]","[[2, 8, 9, 15, 16, 18], [2, 3, 6, 7, 28, 35], [2, 6, 13, 14, 15, 33]]",False,False,False,3,0.8763636363636363,0.5,0.0,0.16263636363636363,1
56,omega_pipeline,"[1, 2, 3, 4, 5, 6]","[[2, 8, 9, 15, 16, 18], [2, 3, 6, 7, 28, 35], [2, 6, 13, 14, 15, 33]]",False,False,False,3,0.8363636363636364,0.35,0.0,0.15863636363636363,1
56,omega_agentic,"[1, 2, 3, 4, 5, 6]","[[14, 15, 26, 29, 34, 39], [1, 10, 11, 12, 16, 19], [13, 15, 18, 24, 29, 33]]",False,False,False,1,0.9333333333333333,0.4,0.0,0.11833333333333333,0
57,heuristic_enhanced,"[1, 2, 3, 4, 5, 6]","[[3, 6, 27, 30, 34, 37], [2, 7, 10, 18, 31, 35], [5, 9, 12, 14, 17, 36]]",False,False,False,2,0.9175757575757576,0.575,0.0,0.14175757575757575,2
57,omega_hybrid,"[1, 2, 3, 4, 5, 6]","[[19, 20, 26, 29, 38, 40], [1, 8, 11, 27, 32, 39]]",False,False,False,1,1.0,0.3,0.0,0.125,0
57,omega_production,"[1, 2, 3, 4, 5, 6]","[[2, 8, 9, 15, 16, 18], [2, 3, 6, 7, 28, 35], [2, 6, 13, 14, 15, 33]]",False,False,False,3,0.8763636363636363,0.5,0.0,0.16263636363636363,1
57,omega_pipeline,"[1, 2, 3, 4, 5, 6]","[[2, 8, 9, 15, 16, 18], [2, 3, 6, 7, 28, 35], [2, 6, 13, 14, 15, 33]]",False,False,False,3,0.8363636363636364,0.35,0.0,0.15863636363636363,1
57,omega_agentic,"[1, 2, 3, 4, 5, 6]","[[15, 21, 31, 34, 35, 39], [3, 17, 21, 26, 32, 37], [14, 16, 23, 25, 31, 32]]",False,False,False,1,0.9090909090909091,0.375,0.0,0.1159090909090909,0
58,heuristic_enhanced,"[1, 2, 3, 4, 5, 6]","[[5, 6, 8, 17, 19, 39], [4, 7, 11, 25, 27, 40], [5, 18, 24, 25, 27, 29]]",False,False,False,2,0.9236363636363636,0.55,0.0,0.14236363636363636,2
58,omega_hybrid,"[1, 2, 3, 4, 5, 6]","[[11, 17, 29, 35, 36, 38], [7, 14, 15, 19, 34, 39]]",False,False,False,0,1.0,0.3,0.0,0.1,0
58,omega_production,"[1, 2, 3, 4, 5, 6]","[[2, 8, 9, 15, 16, 18], [2, 3, 6, 7, 28, 35], [2, 6, 13, 14, 15, 33]]",False,False,False,3,0.8763636363636363,0.5,0.0,0.16263636363636363,1
58,omega_pipeline,"[1, 2, 3, 4, 5, 6]","[[2, 8, 9, 15, 16, 18], [2, 3, 6, 7, 28, 35], [2, 6, 13, 14, 15, 33]]",False,False,False,3,0.8363636363636364,0.35,0.0,0.15863636363636363,1
58,omega_agentic,"[1, 2, 3, 4, 5, 6]","[[11, 17, 28, 29, 36, 40], [3, 14, 25, 27, 37, 40], [5, 7, 12, 16, 18, 26]]",False,False,False,1,0.9696969696969697,0.425,0.0,0.12196969696969698,0
59,heuristic_enhanced,"[1, 2, 3, 4, 5, 6]","[[6, 11, 18, 31, 35, 37], [3, 4, 7, 22, 33, 34], [5, 6, 10, 18, 24, 32]]",False,False,False,3,0.9175757575757576,0.55,0.0,0.16675757575757577,1
59,omega_hybrid,"[1, 2, 3, 4, 5, 6]","[[10, 13, 30, 32, 38, 39], [3, 17, 20, 21, 24, 40]]",False,False,False,1,1.0,0.3,0.0,0.125,0
59,omega_production,"[1, 2, 3, 4, 5, 6]","[[2, 8, 9, 15, 16, 18], [2, 3, 6, 7, 28, 35], [2, 6, 13, 14, 15, 33]]",False,False,False,3,0.8763636363636363,0.5,0.0,0.16263636363636363,1
59,omega_pipeline,"[1, 2, 3, 4, 5, 6]","[[2, 8, 9, 15, 16, 18], [2, 3, 6, 7, 28, 35], [2, 6, 13, 14, 15, 33]]",False,False,False,3,0.8363636363636364,0.35,0.0,0.15863636363636363,1
59,omega_agentic,"[1, 2, 3, 4, 5, 6]","[[10, 11, 30, 32, 36, 38], [8, 10, 23, 28, 30, 33], [5, 8, 9, 24, 31, 32]]",False,False,False,1,0.8727272727272727,0.35,0.0,0.11227272727272727,0
60,heuristic_enhanced,"[1, 2, 3, 4, 5, 6]","[[6, 10, 20, 22, 32, 38], [7, 9, 23, 27, 33, 35], [1, 7, 20, 22, 28, 32]]",False,False,False,1,0.883030303030303,0.525,0.0,0.11330303030303031,1
60,omega_hybrid,"[1, 2, 3, 4, 5, 6]","[[11, 15, 25, 32, 33, 38], [6, 12, 26, 30, 37, 40]]",False,False,False,1,1.0,0.3,0.0,0.125,0
60,omega_production,"[1, 2, 3, 4, 5, 6]","[[2, 8, 9, 15, 16, 18], [2, 3, 6, 7, 28, 35], [2, 6, 13, 14, 15, 33]]",False,False,False,3,0.8763636363636363,0.5,0.0,0.16263636363636363,1
60,omega_pipeline,"[1, 2, 3, 4, 5, 6]","[[2, 8, 9, 15, 16, 18], [2, 3, 6, 7, 28, 35], [2, 6, 13, 14, 15, 33]]",False,False,False,3,0.8363636363636364,0.35,0.0,0.15863636363636363,1
60,omega_agentic,"[1, 2, 3, 4, 5, 6]","[[17, 19, 23, 28, 33, 34], [5, 6, 7, 8, 36, 38], [10, 16, 17, 20, 22, 34]]",False,False,False,2,0.9333333333333333,0.4,0.0,0.14333333333333334,0
61,heuristic_enhanced,"[1, 2, 3, 4, 5, 6]","[[4, 8, 15, 16, 22, 34], [1, 8, 16, 19, 33, 36], [5, 12, 16, 21, 31, 36]]",False,False,False,1,0.8945454545454545,0.525,0.0,0.11445454545454545,1
61,omega_hybrid,"[1, 2, 3, 4, 5, 6]","[[10, 13, 26, 27, 35, 40], [7, 9, 10, 17, 20, 27]]",False,False,False,0,0.8,0.25,0.0,0.08000000000000002,0
61,omega_production,"[1, 2, 3, 4, 5, 6]","[[2, 8, 9, 15, 16, 18], [2, 3, 6, 7, 28, 35], [2, 6, 13, 14, 15, 33]]",False,False,False,3,0.8763636363636363,0.5,0.0,0.16263636363636363,1
61,omega_pipeline,"[1, 2, 3, 4, 5, 6]","[[2, 8, 9, 15, 16, 18], [2, 3, 6, 7, 28, 35], [2, 6, 13, 14, 15, 33]]",False,False,False,3,0.8363636363636364,0.35,0.0,0.15863636363636363,1
61,omega_agentic,"[1, 2, 3, 4, 5, 6]","[[16, 17, 28, 33, 38, 39], [3, 5, 8, 19, 24, 37], [10, 11, 13, 16, 19, 29]]",False,False,False,2,0.9393939393939394,0.4,0.0,0.14393939393939395,0
62,heuristic_enhanced,"[1, 2, 3, 4, 5, 6]","[[1, 3, 21, 27, 31, 33], [2, 5, 26, 35, 37, 38], [1, 13, 15, 26, 28, 29]]",False,False,False,2,0.9545454545454546,0.625,0.0,0.14545454545454545,2
62,omega_hybrid,"[1, 2, 3, 4, 5, 6]","[[10, 21, 26, 33, 38, 40], [1, 16, 28, 34, 37, 40]]",False,False,False,1,0.9090909090909091,0.275,0.0,0.1159090909090909,0
62,omega_production,"[1, 2, 3, 4, 5, 6]","[[2, 8, 9, 15, 16, 18], [2, 3, 6, 7, 28, 35], [2, 6, 13, 14, 15, 33]]",False,False,False,3,0.8763636363636363,0.5,0.0,0.16263636363636363,1
62,omega_pipeline,"[1, 2, 3, 4, 5, 6]","[[2, 8, 9, 15, 16, 18], [2, 3, 6, 7, 28, 35], [2, 6, 13, 14, 15, 33]]",False,False,False,3,0.8363636363636364,0.35,0.0,0.15863636363636363,1
62,omega_agentic,"[1, 2, 3, 4, 5, 6]","[[12, 18, 23, 24, 26, 31], [20, 21, 23, 28, 30, 33], [16, 17, 18, 19, 27, 32]]",False,False,False,0,0.9393939393939394,0.4,0.0,0.09393939393939395,0
63,heuristic_enhanced,"[1, 2, 3, 4, 5, 6]","[[8, 12, 17, 20, 35, 38], [2, 11, 21, 24, 37, 38], [2, 9, 14, 25, 28, 37]]",False,False,False,1,0.9109090909090909,0.55,0.0,0.11609090909090909,0
63,omega_hybrid,"[1, 2, 3, 4, 5, 6]","[[10, 11, 23, 32, 36, 40], [4, 17, 21, 25, 30, 33]]",False,False,False,1,1.0,0.3,0.0,0.125,0
63,omega_production,"[1, 2, 3, 4, 5, 6]","[[2, 8, 9, 15, 16, 18], [2, 3, 6, 7, 28, 35], [2, 6, 13, 14, 15, 33]]",False,False,False,3,0.8763636363636363,0.5,0.0,0.16263636363636363,1
63,omega_pipeline,"[1, 2, 3, 4, 5, 6]","[[2, 8, 9, 15, 16, 18], [2, 3, 6, 7, 28, 35], [2, 6, 13, 14, 15, 33]]",False,False,False,3,0.8363636363636364,0.35,0.0,0.15863636363636363,1
63,omega_agentic,"[1, 2, 3, 4, 5, 6]","[[11, 17, 34, 37, 39, 40], [9, 13, 23, 30, 34, 35], [8, 22, 23, 26, 30, 34]]",False,False,False,0,0.8282828282828283,0.35,0.0,0.08282828282828283,0
64,heuristic_enhanced,"[1, 2, 3, 4, 5, 6]","[[2, 4, 9, 16, 25, 38], [1, 9, 14, 18, 26, 29], [10, 20, 21, 22, 29, 30]]",False,False,False,2,0.9254545454545454,0.55,0.0,0.14254545454545453,2
64,omega_hybrid,"[1, 2, 3, 4, 5, 6]","[[12, 14, 25, 32, 34, 36], [3, 8, 19, 29, 34, 35]]",False,False,False,1,0.9090909090909091,0.275,0.0,0.1159090909090909,0
64,omega_production,"[1, 2, 3, 4, 5, 6]","[[2, 8, 9, 15, 16, 18], [2, 3, 6, 7, 28, 35], [2, 6, 13, 14, 15, 33]]",False,False,False,3,0.8763636363636363,0.5,0.0,0.16263636363636363,1
64,omega_pipeline,"[1, 2, 3, 4, 5, 6]","[[2, 8, 9, 15, 16, 18], [2, 3, 6, 7, 28, 35], [2, 6, 13, 14, 15, 33]]",False,False,False,3,0.8363636363636364,0.35,0.0,0.15863636363636363,1
64,omega_agentic,"[1, 2, 3, 4, 5, 6]","[[18, 21, 22, 25, 34, 38], [2, 6, 11, 16, 23, 33], [5, 6, 25, 27, 28, 31]]",False,False,False,2,0.9393939393939394,0.4,0.0,0.14393939393939395,0
65,heuristic_enhanced,"[1, 2, 3, 4, 5, 6]","[[3, 4, 9, 38, 39, 40], [13, 19, 25, 26, 28, 32], [3, 19, 20, 27, 30, 34]]",False,False,False,2,0.9236363636363636,0.575,0.0,0.14236363636363636,2
65,omega_hybrid,"[1, 2, 3, 4, 5, 6]","[[18, 21, 26, 31, 35, 36], [5, 9, 10, 13, 31, 34]]",False,False,False,1,0.9090909090909091,0.275,0.0,0.1159090909090909,0
65,omega_production,"[1, 2, 3, 4, 5, 6]","[[2, 8, 9, 15, 16, 18], [2, 3, 6, 7, 28, 35], [2, 6, 13, 14, 15, 33]]",False,False,False,3,0.8763636363636363,0.5,0.0,0.16263636363636363,1
65,omega_pipeline,"[1, 2, 3, 4, 5, 6]","[[2, 8, 9, 15, 16, 18], [2, 3, 6, 7, 28, 35], [2, 6, 13, 14, 15, 33]]",False,False,False,3,0.8363636363636364,0.35,0.0,0.15863636363636363,1
65,omega_agentic,"[1, 2, 3, 4, 5, 6]","[[12, 20, 22, 26, 27, 28], [4, 9, 13, 20, 35, 39], [12, 15, 16, 20, 22, 34]]",False,False,False,1,0.8282828282828283,0.35,0.0,0.10782828282828283,0
66,heuristic_enhanced,"[1, 2, 3, 4, 5, 6]","[[10, 16, 23, 37, 38, 39], [1, 3, 15, 16, 17, 29], [1, 12, 21, 26, 34, 37]]",False,False,False,2,0.9527272727272728,0.625,0.0,0.14527272727272728,0
66,omega_hybrid,"[1, 2, 3, 4, 5, 6]","[[14, 19, 25, 28, 32, 36], [6, 16, 18, 21, 23, 25]]",False,False,False,1,0.9090909090909091,0.275,0.0,0.1159090909090909,0
66,omega_production,"[1, 2, 3, 4, 5, 6]","[[2, 8, 9, 15, 16, 18], [2, 3, 6, 7, 28, 35], [2, 6, 13, 14, 15, 33]]",False,False,False,3,0.8763636363636363,0.5,0.0,0.16263636363636363,1
66,omega_pipeline,"[1, 2, 3, 4, 5, 6]","[[2, 8, 9, 15, 16, 18], [2, 3, 6, 7, 28, 35], [2, 6, 13, 14, 15, 33]]",False,False,False,3,0.8363636363636364,0.35,0.0,0.15863636363636363,1
66,omega_agentic,"[1, 2, 3, 4, 5, 6]","[[13, 18, 24, 29, 31, 36], [6, 10, 16, 19, 21, 33], [9, 12, 15, 16, 26, 32]]",False,False,False,1,0.9696969696969697,0.425,0.0,0.12196969696969698,0
67,heuristic_enhanced,"[1, 2, 3, 4, 5, 6]","[[1, 6, 12, 26, 27, 37], [7, 11, 13, 34, 36, 40], [11, 15, 16, 18, 33, 38]]",False,False,False,2,0.9636363636363636,0.65,0.0,0.14636363636363636,2
67,omega_hybrid,"[1, 2, 3, 4, 5, 6]","[[13, 19, 33, 34, 37, 39], [2, 4, 8, 20, 35, 38]]",False,False,False,2,1.0,0.3,0.0,0.15,0
67,omega_production,"[1, 2, 3, 4, 5, 6]","[[2, 8, 9, 15, 16, 18], [2, 3, 6, 7, 28, 35], [2, 6, 13, 14, 15, 33]]",False,False,False,3,0.8763636363636363,0.5,0.0,0.16263636363636363,1
67,omega_pipeline,"[1, 2, 3, 4, 5, 6]","[[2, 8, 9, 15, 16, 18], [2, 3, 6, 7, 28, 35], [2, 6, 13, 14, 15, 33]]",False,False,False,3,0.8363636363636364,0.35,0.0,0.15863636363636363,1
67,omega_agentic,"[1, 2, 3, 4, 5, 6]","[[14, 18, 23, 24, 30, 35], [1, 10, 11, 19, 31, 40], [8, 14, 16, 17, 32, 34]]",False,False,False,1,0.9696969696969697,0.425,0.0,0.12196969696969698,0
68,heuristic_enhanced,"[1, 2, 3, 4, 5, 6]","[[5, 13, 17, 20, 23, 36], [5, 7, 8, 18, 35, 39], [2, 5, 8, 15, 30, 39]]",False,False,False,2,0.8993939393939394,0.525,0.0,0.13993939393939395,1
68,omega_hybrid,"[1, 2, 3, 4, 5, 6]","[[12, 17, 24, 29, 35, 36], [5, 17, 27, 30, 32, 35]]",False,False,False,1,0.8,0.25,0.0,0.10500000000000001,0
68,omega_production,"[1, 2, 3, 4, 5, 6]","[[2, 8, 9, 15, 16, 18], [2, 3, 6, 7, 28, 35], [2, 6, 13, 14, 15, 33]]",False,False,False,3,0.8763636363636363,0.5,0.0,0.16263636363636363,1
68,omega_pipeline,"[1, 2, 3, 4, 5, 6]","[[2, 8, 9, 15, 16, 18], [2, 3, 6, 7, 28, 35], [2, 6, 13, 14, 15, 33]]",False,False,False,3,0.8363636363636364,0.35,0.0,0.15863636363636363,1
68,omega_agentic,"[1, 2, 3, 4, 5, 6]","[[15, 21, 29, 36, 38, 40], [4, 5, 21, 31, 33, 38], [6, 18, 22, 23, 28, 31]]",False,False,False,2,0.9030303030303031,0.375,0.0,0.14030303030303032,0
69,heuristic_enhanced,"[1, 2, 3, 4, 5, 6]","[[7, 12, 19, 30, 33, 39], [12, 14, 19, 22, 32, 33], [4, 13, 18, 22, 27, 29]]",False,False,False,1,0.9193939393939394,0.575,0.0,0.11693939393939394,0
69,omega_hybrid,"[1, 2, 3, 4, 5, 6]","[[11, 14, 24, 26, 28, 34], [4, 5, 9, 13, 18, 25]]",False,False,False,2,1.0,0.3,0.0,0.15,0
69,omega_production,"[1, 2, 3, 4, 5, 6]","[[2, 8, 9, 15, 16, 18], [2, 3, 6, 7, 28, 35], [2, 6, 13, 14, 15, 33]]",False,False,False,3,0.8763636363636363,0.5,0.0,0.16263636363636363,1
69,omega_pipeline,"[1, 2, 3, 4, 5, 6]","[[2, 8, 9, 15, 16, 18], [2, 3, 6, 7, 28, 35], [2, 6, 13, 14, 15, 33]]",False,False,False,3,0.8363636363636364,0.35,0.0,0.15863636363636363,1
69,omega_agentic,"[1, 2, 3, 4, 5, 6]","[[10, 16, 25, 27, 38, 40], [2, 3, 7, 16, 24, 32], [9, 18, 21, 25, 31, 34]]",False,False,False,2,0.9393939393939394,0.4,0.0,0.14393939393939395,0
70,heuristic_enhanced,"[1, 2, 3, 4, 5, 6]","[[4, 10, 15, 24, 29, 38], [3, 19, 20, 21, 28, 30], [2, 5, 14, 26, 34, 39]]",False,False,False,2,0.9436363636363636,0.6,0.0,0.14436363636363636,1
70,omega_hybrid,"[1, 2, 3, 4, 5, 6]","[[15, 20, 26, 27, 30, 36], [1, 10, 17, 20, 31, 36]]",False,False,False,1,0.8,0.25,0.0,0.10500000000000001,0
70,omega_production,"[1, 2, 3, 4, 5, 6]","[[2, 8, 9, 15, 16, 18], [2, 3, 6, 7, 28, 35], [2, 6, 13, 14, 15, 33]]",False,False,False,3,0.8763636363636363,0.5,0.0,0.16263636363636363,1
70,omega_pipeline,"[1, 2, 3, 4, 5, 6]","[[2, 8, 9, 15, 16, 18], [2, 3, 6, 7, 28, 35], [2, 6, 13, 14, 15, 33]]",False,False,False,3,0.8363636363636364,0.35,0.0,0.15863636363636363,1
70,omega_agentic,"[1, 2, 3, 4, 5, 6]","[[11, 12, 22, 23, 27, 36], [11, 14, 21, 25, 32, 37], [5, 14, 15, 17, 22, 25]]",False,False,False,1,0.8727272727272727,0.35,0.0,0.11227272727272727,0
71,heuristic_enhanced,"[1, 2, 3, 4, 5, 6]","[[1, 2, 11, 23, 28, 31], [9, 16, 23, 24, 31, 38], [1, 8, 21, 24, 31, 40]]",False,False,False,2,0.8854545454545455,0.5,0.0,0.13854545454545455,2
71,omega_hybrid,"[1, 2, 3, 4, 5, 6]","[[14, 21, 22, 25, 28, 33], [5, 13, 22, 28, 29, 36]]",False,False,False,1,0.8,0.25,0.0,0.10500000000000001,0
71,omega_production,"[1, 2, 3, 4, 5, 6]","[[2, 8, 9, 15, 16, 18], [2, 3, 6, 7, 28, 35], [2, 6, 13, 14, 15, 33]]",False,False,False,3,0.8763636363636363,0.5,0.0,0.16263636363636363,1
71,omega_pipeline,"[1, 2, 3, 4, 5, 6]","[[2, 8, 9, 15, 16, 18], [2, 3, 6, 7, 28, 35], [2, 6, 13, 14, 15, 33]]",False,False,False,3,0.8363636363636364,0.35,0.0,0.15863636363636363,1
71,omega_agentic,"[1, 2, 3, 4, 5, 6]","[[13, 14, 26, 31, 33, 37], [7, 13, 25, 26, 30, 35], [18, 20, 21, 30, 31, 33]]",False,False,False,0,0.8363636363636363,0.325,0.0,0.08363636363636363,0
72,heuristic_enhanced,"[1, 2, 3, 4, 5, 6]","[[8, 17, 19, 21, 38, 39], [3, 8, 21, 26, 37, 40], [1, 10, 27, 28, 29, 36]]",False,False,False,2,0.9345454545454546,0.575,0.0,0.14345454545454545,0
72,omega_hybrid,"[1, 2, 3, 4, 5, 6]","[[13, 15, 24, 30, 31, 39], [5, 7, 22, 24, 38, 40]]",False,False,False,1,0.9090909090909091,0.275,0.0,0.1159090909090909,0
72,omega_production,"[1, 2, 3, 4, 5, 6]","[[2, 8, 9, 15, 16, 18], [2, 3, 6, 7, 28, 35], [2, 6, 13, 14, 15, 33]]",False,False,False,3,0.8763636363636363,0.5,0.0,0.16263636363636363,1
72,omega_pipeline,"[1, 2, 3, 4, 5, 6]","[[2, 8, 9, 15, 16, 18], [2, 3, 6, 7, 28, 35], [2, 6, 13, 14, 15, 33]]",False,False,False,3,0.8363636363636364,0.35,0.0,0.15863636363636363,1
72,omega_agentic,"[1, 2, 3, 4, 5, 6]","[[11, 12, 26, 28, 33, 39], [1, 9, 17, 18, 29, 33], [6, 7, 9, 19, 23, 26]]",False,False,False,1,0.9090909090909091,0.375,0.0,0.1159090909090909,0
73,heuristic_enhanced,"[1, 2, 3, 4, 5, 6]","[[1, 12, 19, 34, 35, 38], [5, 10, 17, 19, 20, 33], [3, 18, 22, 32, 35, 40]]",False,False,False,2,0.9454545454545454,0.625,0.0,0.14454545454545453,1
73,omega_hybrid,"[1, 2, 3, 4, 5, 6]","[[14, 19, 31, 32, 34, 35], [1, 4, 8, 30, 31, 32]]",False,False,False,2,0.8,0.25,0.0,0.13,0
73,omega_production,"[1, 2, 3, 4, 5, 6]","[[2, 8, 9, 15, 16, 18], [2, 3, 6, 7, 28, 35], [2, 6, 13, 14, 15, 33]]",False,False,False,3,0.8763636363636363,0.5,0.0,0.16263636363636363,1
73,omega_pipeline,"[1, 2, 3, 4, 5, 6]","[[2, 8, 9, 15, 16, 18], [2, 3, 6, 7, 28, 35], [2, 6, 13, 14, 15, 33]]",False,False,False,3,0.8363636363636364,0.35,0.0,0.15863636363636363,1
73,omega_agentic,"[1, 2, 3, 4, 5, 6]","[[10, 15, 22, 27, 31, 34], [1, 2, 20, 26, 31, 35], [15, 19, 26, 28, 30, 32]]",False,False,False,2,0.9090909090909091,0.375,0.0,0.1409090909090909,0
74,heuristic_enhanced,"[1, 2, 3, 4, 5, 6]","[[5, 7, 8, 22, 29, 33], [8, 13, 22, 23, 25, 38], [5, 7, 11, 16, 32, 37]]",False,False,False,2,0.9018181818181819,0.525,0.0,0.14018181818181819,1
74,omega_hybrid,"[1, 2, 3, 4, 5, 6]","[[10, 15, 29, 31, 32, 34], [3, 8, 18, 24, 27, 29]]",False,False,False,1,0.9090909090909091,0.275,0.0,0.1159090909090909,0
74,omega_production,"[1, 2, 3, 4, 5, 6]","[[2, 8, 9, 15, 16, 18], [2, 3, 6, 7, 28, 35], [2, 6, 13, 14, 15, 33]]",False,False,False,3,0.8763636363636363,0.5,0.0,0.16263636363636363,1
74,omega_pipeline,"[1, 2, 3, 4, 5, 6]","[[2, 8, 9, 15, 16, 18], [2, 3, 6, 7, 28, 35], [2, 6, 13, 14, 15, 33]]",False,False,False,3,0.8363636363636364,0.35,0.0,0.15863636363636363,1
74,omega_agentic,"[1, 2, 3, 4, 5, 6]","[[12, 13, 25, 28, 33, 40], [5, 6, 18, 23, 33, 38], [11, 18, 22, 29, 32, 33]]",False,False,False,2,0.8727272727272727,0.375,0.0,0.13727272727272727,0
75,heuristic_enhanced,"[1, 2, 3, 4, 5, 6]","[[4, 14, 22, 26, 29, 39], [13, 19, 20, 23, 37, 39], [4, 11, 22, 25, 26, 32]]",False,False,False,2,0.9284848484848485,0.6,0.0,0.14284848484848484,1
75,omega_hybrid,"[1, 2, 3, 4, 5, 6]","[[18, 20, 25, 31, 37, 38], [15, 19, 26, 35, 36, 39]]",False,False,False,0,1.0,0.3,0.0,0.1,0
75,omega_production,"[1, 2, 3, 4, 5, 6]","[[2, 8, 9, 15, 16, 18], [2, 3, 6, 7, 28, 35], [2, 6, 13, 14, 15, 33]]",False,False,False,3,0.8763636363636363,0.5,0.0,0.16263636363636363,1
75,omega_pipeline,"[1, 2, 3, 4, 5, 6]","[[2, 8, 9, 15, 16, 18], [2, 3, 6, 7, 28, 35], [2, 6, 13, 14, 15, 33]]",False,False,False,3,0.8363636363636364,0.35,0.0,0.15863636363636363,1
75,omega_agentic,"[1, 2, 3, 4, 5, 6]","[[12, 18, 22, 28, 29, 40], [4, 14, 27, 32, 33, 37], [5, 8, 9, 23, 28, 31]]",False,False,False,1,0.9696969696969697,0.425,0.0,0.12196969696969698,0
76,heuristic_enhanced,"[1, 2, 3, 4, 5, 6]","[[4, 7, 13, 30, 31, 35], [13, 16, 21, 27, 32, 33], [1, 2, 15, 21, 28, 35]]",False,False,False,2,0.9012121212121212,0.55,0.0,0.14012121212121212,1
76,omega_hybrid,"[1, 2, 3, 4, 5, 6]","[[12, 18, 23, 30, 34, 40], [13, 23, 24, 29, 31, 37]]",False,False,False,0,0.9090909090909091,0.275,0.0,0.09090909090909091,0
76,omega_production,"[1, 2, 3, 4, 5, 6]","[[2, 8, 9, 15, 16, 18], [2, 3, 6, 7, 28, 35], [2, 6, 13, 14, 15, 33]]",False,False,False,3,0.8763636363636363,0.5,0.0,0.16263636363636363,1
76,omega_pipeline,"[1, 2, 3, 4, 5, 6]","[[2, 8, 9, 15, 16, 18], [2, 3, 6, 7, 28, 35], [2, 6, 13, 14, 15, 33]]",False,False,False,3,0.8363636363636364,0.35,0.0,0.15863636363636363,1
76,omega_agentic,"[1, 2, 3, 4, 5, 6]","[[14, 21, 22, 36, 37, 38], [13, 21, 27, 35, 38, 39], [5, 11, 22, 25, 28, 34]]",False,False,False,1,0.9030303030303031,0.375,0.0,0.11530303030303031,0
77,heuristic_enhanced,"[1, 2, 3, 4, 5, 6]","[[1, 6, 13, 18, 30, 31], [12, 13, 20, 25, 33, 40], [8, 15, 16, 17, 25, 35]]",False,False,False,2,0.9454545454545454,0.6,0.0,0.14454545454545453,2
77,omega_hybrid,"[1, 2, 3, 4, 5, 6]","[[11, 13, 27, 28, 36, 39], [4, 16, 21, 22, 37, 38]]",False,False,False,1,1.0,0.3,0.0,0.125,0
77,omega_production,"[1, 2, 3, 4, 5, 6]","[[2, 8, 9, 15, 16, 18], [2, 3, 6, 7, 28, 35], [2, 6, 13, 14, 15, 33]]",False,False,False,3,0.8763636363636363,0.5,0.0,0.16263636363636363,1
77,omega_pipeline,"[1, 2, 3, 4, 5, 6]","[[2, 8, 9, 15, 16, 18], [2, 3, 6, 7, 28, 35], [2, 6, 13, 14, 15, 33]]",False,False,False,3,0.8363636363636364,0.35,0.0,0.15863636363636363,1
77,omega_agentic,"[1, 2, 3, 4, 5, 6]","[[10, 19, 28, 34, 36, 38], [14, 21, 23, 33, 34, 39], [17, 21, 25, 27, 30, 32]]",False,False,False,0,0.9393939393939394,0.4,0.0,0.09393939393939395,0
78,heuristic_enhanced,"[1, 2, 3, 4, 5, 6]","[[6, 21, 22, 28, 30, 39], [2, 12, 14, 18, 20, 31], [3, 5, 7, 24, 28, 30]]",False,False,False,2,0.9145454545454546,0.55,0.0,0.14145454545454544,1
78,omega_hybrid,"[1, 2, 3, 4, 5, 6]","[[15, 18, 26, 35, 36, 39], [2, 20, 23, 30, 36, 38]]",False,False,False,1,0.9090909090909091,0.275,0.0,0.1159090909090909,0
78,omega_production,"[1, 2, 3, 4, 5, 6]","[[2, 8, 9, 15, 16, 18], [2, 3, 6, 7, 28, 35], [2, 6, 13, 14, 15, 33]]",False,False,False,3,0.8763636363636363,0.5,0.0,0.16263636363636363,1
78,omega_pipeline,"[1, 2, 3, 4, 5, 6]","[[2, 8, 9, 15, 16, 18], [2, 3, 6, 7, 28, 35], [2, 6, 13, 14, 15, 33]]",False,False,False,3,0.8363636363636364,0.35,0.0,0.15863636363636363,1
78,omega_agentic,"[1, 2, 3, 4, 5, 6]","[[15, 18, 23, 24, 26, 31], [6, 18, 20, 28, 32, 36], [12, 16, 17, 22, 31, 34]]",False,False,False,1,0.9393939393939394,0.4,0.0,0.11893939393939394,0
79,heuristic_enhanced,"[1, 2, 3, 4, 5, 6]","[[5, 9, 23, 29, 33, 39], [10, 12, 15, 20, 27, 29], [7, 13, 18, 20, 31, 38]]",False,False,False,1,0.9236363636363636,0.575,0.0,0.11736363636363636,1
79,omega_hybrid,"[1, 2, 3, 4, 5, 6]","[[13, 18, 31, 37, 39, 40], [11, 17, 27, 32, 34, 35]]",False,False,False,0,1.0,0.3,0.0,0.1,0
79,omega_production,"[1, 2, 3, 4, 5, 6]","[[2, 8, 9, 15, 16, 18], [2, 3, 6, 7, 28, 35], [2, 6, 13, 14, 15, 33]]",False,False,False,3,0.8763636363636363,0.5,0.0,0.16263636363636363,1
79,omega_pipeline,"[1, 2, 3, 4, 5, 6]","[[2, 8, 9, 15, 16, 18], [2, 3, 6, 7, 28, 35], [2, 6, 13, 14, 15, 33]]",False,False,False,3,0.8363636363636364,0.35,0.0,0.15863636363636363,1
79,omega_agentic,"[1, 2, 3, 4, 5, 6]","[[10, 20, 22, 26, 35, 36], [7, 9, 13, 26, 35, 36], [6, 8, 15, 17, 25, 33]]",False,False,False,1,0.8888888888888888,0.375,0.0,0.11388888888888889,0
80,heuristic_enhanced,"[1, 2, 3, 4, 5, 6]","[[9, 12, 25, 26, 38, 40], [7, 10, 17, 18, 20, 40], [1, 5, 19, 33, 37, 38]]",False,False,False,2,0.9127272727272727,0.55,0.0,0.14127272727272727,0
80,omega_hybrid,"[1, 2, 3, 4, 5, 6]","[[15, 20, 24, 26, 29, 40], [1, 4, 6, 7, 17, 29]]",False,False,False,3,0.9090909090909091,0.275,0.0,0.1659090909090909,0
80,omega_production,"[1, 2, 3, 4, 5, 6]","[[2, 8, 9, 15, 16, 18], [2, 3, 6, 7, 28, 35], [2, 6, 13, 14, 15, 33]]",False,False,False,3,0.8763636363636363,0.5,0.0,0.16263636363636363,1
80,omega_pipeline,"[1, 2, 3, 4, 5, 6]","[[2, 8, 9, 15, 16, 18], [2, 3, 6, 7, 28, 35], [2, 6, 13, 14, 15, 33]]",False,False,False,3,0.8363636363636364,0.35,0.0,0.15863636363636363,1
80,omega_agentic,"[1, 2, 3, 4, 5, 6]","[[15, 16, 23, 25, 31, 33], [3, 6, 21, 23, 25, 34], [12, 15, 22, 23, 27, 31]]",False,False,False,2,0.7919191919191919,0.325,0.0,0.1291919191919192,0
81,heuristic_enhanced,"[1, 2, 3, 4, 5, 6]","[[2, 13, 17, 28, 30, 39], [6, 7, 8, 22, 36, 37], [3, 4, 16, 22, 24, 38]]",False,False,False,2,0.9345454545454546,0.575,0.0,0.14345454545454545,1
81,omega_hybrid,"[1, 2, 3, 4, 5, 6]","[[14, 15, 26, 30, 35, 38], [5, 10, 15, 26, 33, 35]]",False,False,False,1,0.6666666666666667,0.225,0.0,0.09166666666666667,0
81,omega_production,"[1, 2, 3, 4, 5, 6]","[[2, 8, 9, 15, 16, 18], [2, 3, 6, 7, 28, 35], [2, 6, 13, 14, 15, 33]]",False,False,False,3,0.8763636363636363,0.5,0.0,0.16263636363636363,1
81,omega_pipeline,"[1, 2, 3, 4, 5, 6]","[[2, 8, 9, 15, 16, 18], [2, 3, 6, 7, 28, 35], [2, 6, 13, 14, 15, 33]]",False,False,False,3,0.8363636363636364,0.35,0.0,0.15863636363636363,1
81,omega_agentic,"[1, 2, 3, 4, 5, 6]","[[15, 18, 23, 24, 26, 40], [11, 12, 16, 25, 26, 36], [7, 9, 12, 15, 33, 34]]",False,False,False,0,0.9090909090909091,0.375,0.0,0.09090909090909091,0
82,heuristic_enhanced,"[1, 2, 3, 4, 5, 6]","[[1, 13, 16, 26, 27, 37], [7, 15, 19, 22, 28, 38], [9, 11, 21, 28, 35, 37]]",False,False,False,2,0.9145454545454546,0.575,0.0,0.14145454545454544,1
82,omega_hybrid,"[1, 2, 3, 4, 5, 6]","[[13, 16, 24, 30, 31, 32], [4, 10, 13, 21, 24, 38]]",False,False,False,1,0.8,0.25,0.0,0.10500000000000001,0
82,omega_production,"[1, 2, 3, 4, 5, 6]","[[2, 8, 9, 15, 16, 18], [2, 3, 6, 7, 28, 35], [2, 6, 13, 14, 15, 33]]",False,False,False,3,0.8763636363636363,0.5,0.0,0.16263636363636363,1
82,omega_pipeline,"[1, 2, 3, 4, 5, 6]","[[2, 8, 9, 15, 16, 18], [2, 3, 6, 7, 28, 35], [2, 6, 13, 14, 15, 33]]",False,False,False,3,0.8363636363636364,0.35,0.0,0.15863636363636363,1
82,omega_agentic,"[1, 2, 3, 4, 5, 6]","[[10, 13, 23, 27, 30, 40], [5, 11, 14, 19, 27, 33], [9, 10, 11, 14, 18, 29]]",False,False,False,1,0.8727272727272727,0.35,0.0,0.11227272727272727,0
83,heuristic_enhanced,"[1, 2, 3, 4, 5, 6]","[[1, 8, 14, 21, 23, 32], [2, 19, 20, 26, 33, 35], [4, 12, 18, 29, 36, 38]]",False,False,False,1,0.9436363636363636,0.6,0.0,0.11936363636363637,1
83,omega_hybrid,"[1, 2, 3, 4, 5, 6]","[[18, 21, 22, 29, 31, 39], [7, 9, 18, 31, 35, 36]]",False,False,False,0,0.8,0.25,0.0,0.08000000000000002,0
83,omega_production,"[1, 2, 3, 4, 5, 6]","[[2, 8, 9, 15, 16, 18], [2, 3, 6, 7, 28, 35], [2, 6, 13, 14, 15, 33]]",False,False,False,3,0.8763636363636363,0.5,0.0,0.16263636363636363,1
83,omega_pipeline,"[1, 2, 3, 4, 5, 6]","[[2, 8, 9, 15, 16, 18], [2, 3, 6, 7, 28, 35], [2, 6, 13, 14, 15, 33]]",False,False,False,3,0.8363636363636364,0.35,0.0,0.15863636363636363,1
83,omega_agentic,"[1, 2, 3, 4, 5, 6]","[[10, 13, 22, 24, 25, 40], [3, 8, 13, 15, 17, 32], [8, 12, 17, 18, 19, 21]]",False,False,False,1,0.9030303030303031,0.375,0.0,0.11530303030303031,0
84,heuristic_enhanced,"[1, 2, 3, 4, 5, 6]","[[5, 6, 16, 21, 22, 38], [4, 9, 10, 27, 32, 33], [7, 15, 22, 23, 34, 36]]",False,False,False,2,0.8945454545454545,0.5,0.0,0.13945454545454544,2
84,omega_hybrid,"[1, 2, 3, 4, 5, 6]","[[12, 20, 29, 31, 33, 38], [17, 22, 25, 29, 38, 40]]",False,False,False,0,0.8,0.25,0.0,0.08000000000000002,0
84,omega_production,"[1, 2, 3, 4, 5, 6]","[[2, 8, 9, 15, 16, 18], [2, 3, 6, 7, 28, 35], [2, 6, 13, 14, 15, 33]]",False,False,False,3,0.8763636363636363,0.5,0.0,0.16263636363636363,1
84,omega_pipeline,"[1, 2, 3, 4, 5, 6]","[[2, 8, 9, 15, 16, 18], [2, 3, 6, 7, 28, 35], [2, 6, 13, 14, 15, 33]]",False,False,False,3,0.8363636363636364,0.35,0.0,0.15863636363636363,1
84,omega_agentic,"[1, 2, 3, 4, 5, 6]","[[12, 14, 22, 24, 28, 31], [6, 12, 21, 30, 37, 39], [9, 10, 15, 22, 29, 32]]",False,False,False,1,0.9393939393939394,0.4,0.0,0.11893939393939394,0
85,heuristic_enhanced,"[1, 2, 3, 4, 5, 6]","[[3, 8, 10, 25, 36, 38], [1, 8, 22, 23, 31, 40], [11, 16, 25, 26, 31, 36]]",False,False,False,2,0.9436363636363636,0.6,0.0,0.14436363636363636,1
85,omega_hybrid,"[1, 2, 3, 4, 5, 6]","[[10, 13, 28, 31, 32, 35], [5, 7, 11, 22, 23, 27]]",False,False,False,1,1.0,0.3,0.0,0.125,0
85,omega_production,"[1, 2, 3, 4, 5, 6]","[[2, 8, 9, 15, 16, 18], [2, 3, 6, 7, 28, 35], [2, 6, 13, 14, 15, 33]]",False,False,False,3,0.8763636363636363,0.5,0.0,0.16263636363636363,1
85,omega_pipeline,"[1, 2, 3, 4, 5, 6]","[[2, 8, 9, 15, 16, 18], [2, 3, 6, 7, 28, 35], [2, 6, 13, 14, 15, 33]]",False,False,False,3,0.8363636363636364,0.35,0.0,0.15863636363636363,1
85,omega_agentic,"[1, 2, 3, 4, 5, 6]","[[11, 16, 25, 26, 27, 38], [12, 16, 21, 28, 37, 39], [11, 12, 13, 24, 25, 32]]",False,False,False,0,0.8727272727272727,0.35,0.0,0.08727272727272728,0
86,heuristic_enhanced,"[1, 2, 3, 4, 5, 6]","[[2, 11, 17, 26, 27, 32], [13, 20, 21, 22, 34, 37], [3, 12, 26, 31, 32, 40]]",False,False,False,1,0.9327272727272727,0.6,0.0,0.11827272727272728,1
86,omega_hybrid,"[1, 2, 3, 4, 5, 6]","[[11, 20, 22, 28, 30, 36], [1, 11, 22, 25, 37, 40]]",False,False,False,1,0.8,0.25,0.0,0.10500000000000001,0
86,omega_production,"[1, 2, 3, 4, 5, 6]","[[2, 8, 9, 15, 16, 18], [2, 3, 6, 7, 28, 35], [2, 6, 13, 14, 15, 33]]",False,False,False,3,0.8763636363636363,0.5,0.0,0.16263636363636363,1
86,omega_pipeline,"[1, 2, 3, 4, 5, 6]","[[2, 8, 9, 15, 16, 18], [2, 3, 6, 7, 28, 35], [2, 6, 13, 14, 15, 33]]",False,False,False,3,0.8363636363636364,0.35,0.0,0.15863636363636363,1
86,omega_agentic,"[1, 2, 3, 4, 5, 6]","[[16, 19, 29, 34, 37, 40], [9, 15, 18, 20, 24, 33], [19, 21, 25, 26, 27, 34]]",False,False,False,0,0.9333333333333333,0.4,0.0,0.09333333333333334,0
87,heuristic_enhanced,"[1, 2, 3, 4, 5, 6]","[[1, 16, 17, 25, 26, 28], [4, 14, 16, 19, 29, 38], [5, 15, 19, 23, 27, 36]]",False,False,False,1,0.9545454545454546,0.625,0.0,0.12045454545454545,1
87,omega_hybrid,"[1, 2, 3, 4, 5, 6]","[[11, 13, 23, 25, 31, 36], [1, 8, 13, 14, 18, 27]]",False,False,False,1,0.9090909090909091,0.275,0.0,0.1159090909090909,0
87,omega_production,"[1, 2, 3, 4, 5, 6]","[[2, 8, 9, 15, 16, 18], [2, 3, 6, 7, 28, 35], [2, 6, 13, 14, 15, 33]]",False,False,False,3,0.8763636363636363,0.5,0.0,0.16263636363636363,1
87,omega_pipeline,"[1, 2, 3, 4, 5, 6]","[[2, 8, 9, 15, 16, 18], [2, 3, 6, 7, 28, 35], [2, 6, 13, 14, 15, 33]]",False,False,False,3,0.8363636363636364,0.35,0.0,0.15863636363636363,1
87,omega_agentic,"[1, 2, 3, 4, 5, 6]","[[12, 21, 23, 30, 33, 38], [5, 8, 9, 27, 33, 34], [6, 10, 14, 21, 23, 28]]",False,False,False,1,0.9030303030303031,0.375,0.0,0.11530303030303031,0
88,heuristic_enhanced,"[1, 2, 3, 4, 5, 6]","[[3, 21, 25, 27, 28, 36], [3, 5, 9, 17, 22, 36], [1, 10, 12, 28, 31, 36]]",False,False,False,2,0.9018181818181819,0.525,0.0,0.14018181818181819,1
88,omega_hybrid,"[1, 2, 3, 4, 5, 6]","[[15, 20, 33, 34, 37, 38], [2, 12, 15, 17, 30, 36]]",False,False,False,1,0.9090909090909091,0.275,0.0,0.1159090909090909,0
88,omega_production,"[1, 2, 3, 4, 5, 6]","[[2, 8, 9, 15, 16, 18], [2, 3, 6, 7, 28, 35], [2, 6, 13, 14, 15, 33]]",False,False,False,3,0.8763636363636363,0.5,0.0,0.16263636363636363,1
88,omega_pipeline,"[1, 2, 3, 4, 5, 6]","[[2, 8, 9, 15, 16, 18], [2, 3, 6, 7, 28, 35], [2, 6, 13, 14, 15, 33]]",False,False,False,3,0.8363636363636364,0.35,0.0,0.15863636363636363,1
88,omega_agentic,"[1, 2, 3, 4, 5, 6]","[[10, 17, 27, 28, 39, 40], [1, 20, 21, 33, 35, 38], [11, 19, 22, 23, 30, 34]]",False,False,False,1,1.0,0.45,0.0,0.125,0
89,heuristic_enhanced,"[1, 2, 3, 4, 5, 6]","[[3, 12, 26, 30, 36, 38], [9, 10, 20, 26, 34, 40], [2, 7, 14, 16, 36, 39]]",False,False,False,1,0.9036363636363637,0.55,0.0,0.11536363636363636,1
89,omega_hybrid,"[1, 2, 3, 4, 5, 6]","[[17, 19, 23, 27, 28, 34], [1, 8, 14, 16, 37, 40]]",False,False,False,1,1.0,0.3,0.0,0.125,0
89,omega_production,"[1, 2, 3, 4, 5, 6]","[[2, 8, 9, 15, 16, 18], [2, 3, 6, 7, 28, 35], [2, 6, 13, 14, 15, 33]]",False,False,False,3,0.8763636363636363,0.5,0.0,0.16263636363636363,1
89,omega_pipeline,"[1, 2, 3, 4, 5, 6]","[[2, 8, 9, 15, 16, 18], [2, 3, 6, 7, 28, 35], [2, 6, 13, 14, 15, 33]]",False,False,False,3,0.8363636363636364,0.35,0.0,0.15863636363636363,1
89,omega_agentic,"[1, 2, 3, 4, 5, 6]","[[13, 16, 22, 26, 27, 36], [8, 15, 23, 32, 36, 38], [8, 11, 12, 18, 25, 34]]",False,False,False,0,0.9393939393939394,0.4,0.0,0.09393939393939395,0
90,heuristic_enhanced,"[1, 2, 3, 4, 5, 6]","[[2, 3, 20, 21, 29, 39], [2, 3, 18, 26, 27, 29], [1, 12, 13, 27, 35, 40]]",False,False,False,3,0.8660606060606061,0.475,0.0,0.16160606060606061,2
90,omega_hybrid,"[1, 2, 3, 4, 5, 6]","[[15, 18, 29, 30, 31, 36], [16, 17, 28, 35, 36, 37]]",False,False,False,0,0.9090909090909091,0.275,0.0,0.09090909090909091,0
90,omega_production,"[1, 2, 3, 4, 5, 6]","[[2, 8, 9, 15, 16, 18], [2, 3, 6, 7, 28, 35], [2, 6, 13, 14, 15, 33]]",False,False,False,3,0.8763636363636363,0.5,0.0,0.16263636363636363,1
90,omega_pipeline,"[1, 2, 3, 4, 5, 6]","[[2, 8, 9, 15, 16, 18], [2, 3, 6, 7, 28, 35], [2, 6, 13, 14, 15, 33]]",False,False,False,3,0.8363636363636364,0.35,0.0,0.15863636363636363,1
90,omega_agentic,"[1, 2, 3, 4, 5, 6]","[[10, 11, 23, 29, 31, 35], [1, 5, 12, 14, 20, 36], [5, 20, 21, 25, 26, 33]]",False,False,False,2,0.9333333333333333,0.4,0.0,0.14333333333333334,0
91,heuristic_enhanced,"[1, 2, 3, 4, 5, 6]","[[3, 6, 19, 27, 30, 39], [5, 12, 17, 22, 35, 38], [7, 20, 23, 30, 33, 37]]",False,False,False,2,0.9709090909090909,0.675,0.0,0.1470909090909091,2
91,omega_hybrid,"[1, 2, 3, 4, 5, 6]","[[13, 21, 28, 30, 35, 36], [8, 9, 12, 16, 17, 24]]",False,False,False,0,1.0,0.3,0.0,0.1,0
91,omega_production,"[1, 2, 3, 4, 5, 6]","[[2, 8, 9, 15, 16, 18], [2, 3, 6, 7, 28, 35], [2, 6, 13, 14, 15, 33]]",False,False,False,3,0.8763636363636363,0.5,0.0,0.16263636363636363,1
91,omega_pipeline,"[1, 2, 3, 4, 5, 6]","[[2, 8, 9, 15, 16, 18], [2, 3, 6, 7, 28, 35], [2, 6, 13, 14, 15, 33]]",False,False,False,3,0.8363636363636364,0.35,0.0,0.15863636363636363,1
91,omega_agentic,"[1, 2, 3, 4, 5, 6]","[[18, 20, 24, 33, 36, 38], [5, 6, 9, 12, 14, 40], [10, 19, 23, 25, 27, 34]]",False,False,False,2,1.0,0.45,0.0,0.15,0
92,heuristic_enhanced,"[1, 2, 3, 4, 5, 6]","[[1, 12, 14, 25, 31, 38], [3, 6, 14, 21, 22, 29], [2, 3, 21, 27, 35, 37]]",False,False,False,2,0.9236363636363636,0.575,0.0,0.14236363636363636,1
92,omega_hybrid,"[1, 2, 3, 4, 5, 6]","[[10, 12, 27, 28, 33, 36], [8, 11, 13, 20, 21, 38]]",False,False,False,0,1.0,0.3,0.0,0.1,0
92,omega_production,"[1, 2, 3, 4, 5, 6]","[[2, 8, 9, 15, 16, 18], [2, 3, 6, 7, 28, 35], [2, 6, 13, 14, 15, 33]]",False,False,False,3,0.8763636363636363,0.5,0.0,0.16263636363636363,1
92,omega_pipeline,"[1, 2, 3, 4, 5, 6]","[[2, 8, 9, 15, 16, 18], [2, 3, 6, 7, 28, 35], [2, 6, 13, 14, 15, 33]]",False,False,False,3,0.8363636363636364,0.35,0.0,0.15863636363636363,1
92,omega_agentic,"[1, 2, 3, 4, 5, 6]","[[15, 16, 24, 27, 31, 38], [2, 15, 20, 29, 30, 35], [7, 11, 13, 16, 21, 32]]",False,False,False,1,0.9393939393939394,0.4,0.0,0.11893939393939394,0
93,heuristic_enhanced,"[1, 2, 3, 4, 5, 6]","[[1, 13, 16, 33, 34, 38], [1, 6, 8, 28, 38, 40], [5, 8, 9, 18, 19, 33]]",False,False,False,2,0.9345454545454546,0.6,0.0,0.14345454545454545,1
93,omega_hybrid,"[1, 2, 3, 4, 5, 6]","[[11, 19, 23, 27, 33, 36], [3, 20, 28, 30, 33, 40]]",False,False,False,1,0.9090909090909091,0.275,0.0,0.1159090909090909,0
93,omega_production,"[1, 2, 3, 4, 5, 6]","[[2, 8, 9, 15, 16, 18], [2, 3, 6, 7, 28, 35], [2, 6, 13, 14, 15, 33]]",False,False,False,3,0.8763636363636363,0.5,0.0,0.16263636363636363,1
93,omega_pipeline,"[1, 2, 3, 4, 5, 6]","[[2, 8, 9, 15, 16, 18], [2, 3, 6, 7, 28, 35], [2, 6, 13, 14, 15, 33]]",False,False,False,3,0.8363636363636364,0.35,0.0,0.15863636363636363,1
93,omega_agentic,"[1, 2, 3, 4, 5, 6]","[[10, 11, 22, 27, 35, 37], [3, 10, 13, 14, 19, 33], [10, 13, 23, 27, 28, 33]]",False,False,False,1,0.7919191919191919,0.325,0.0,0.1041919191919192,0
94,heuristic_enhanced,"[1, 2, 3, 4, 5, 6]","[[6, 11, 14, 17, 29, 30], [4, 8, 22, 23, 31, 36], [8, 10, 16, 21, 24, 28]]",False,False,False,1,0.9145454545454546,0.55,0.0,0.11645454545454545,1
94,omega_hybrid,"[1, 2, 3, 4, 5, 6]","[[10, 17, 27, 32, 37, 38], [1, 8, 12, 13, 19, 23]]",False,False,False,1,1.0,0.3,0.0,0.125,0
94,omega_production,"[1, 2, 3, 4, 5, 6]","[[2, 8, 9, 15, 16, 18], [2, 3, 6, 7, 28, 35], [2, 6, 13, 14, 15, 33]]",False,False,False,3,0.8763636363636363,0.5,0.0,0.16263636363636363,1
94,omega_pipeline,"[1, 2, 3, 4, 5, 6]","[[2, 8, 9, 15, 16, 18], [2, 3, 6, 7, 28, 35], [2, 6, 13, 14, 15, 33]]",False,False,False,3,0.8363636363636364,0.35,0.0,0.15863636363636363,1
94,omega_agentic,"[1, 2, 3, 4, 5, 6]","[[13, 14, 33, 34, 35, 39], [4, 6, 10, 21, 29, 34], [5, 20, 26, 29, 30, 34]]",False,False,False,2,0.8727272727272727,0.375,0.0,0.13727272727272727,0
95,heuristic_enhanced,"[1, 2, 3, 4, 5, 6]","[[6, 10, 16, 24, 29, 31], [2, 6, 22, 29, 32, 37], [13, 14, 24, 25, 29, 35]]",False,False,False,2,0.8703030303030304,0.525,0.0,0.13703030303030303,1
95,omega_hybrid,"[1, 2, 3, 4, 5, 6]","[[13, 14, 23, 30, 37, 38], [14, 15, 20, 26, 33, 37]]",False,False,False,0,0.8,0.25,0.0,0.08000000000000002,0
95,omega_production,"[1, 2, 3, 4, 5, 6]","[[2, 8, 9, 15, 16, 18], [2, 3, 6, 7, 28, 35], [2, 6, 13, 14, 15, 33]]",False,False,False,3,0.8763636363636363,0.5,0.0,0.16263636363636363,1
95,omega_pipeline,"[1, 2, 3, 4, 5, 6]","[[2, 8, 9, 15, 16, 18], [2, 3, 6, 7, 28, 35], [2, 6, 13, 14, 15, 33]]",False,False,False,3,0.8363636363636364,0.35,0.0,0.15863636363636363,1
95,omega_agentic,"[1, 2, 3, 4, 5, 6]","[[16, 18, 24, 30, 32, 36], [8, 13, 14, 20, 26, 30], [8, 19, 20, 21, 24, 26]]",False,False,False,0,0.8282828282828283,0.325,0.0,0.08282828282828283,0
96,heuristic_enhanced,"[1, 2, 3, 4, 5, 6]","[[10, 13, 14, 24, 30, 40], [12, 14, 18, 25, 32, 37], [1, 10, 12, 15, 21, 33]]",False,False,False,2,0.9254545454545454,0.575,0.0,0.14254545454545453,0
96,omega_hybrid,"[1, 2, 3, 4, 5, 6]","[[12, 13, 30, 31, 33, 39], [1, 9, 12, 25, 35, 39]]",False,False,False,1,0.8,0.25,0.0,0.10500000000000001,0
96,omega_production,"[1, 2, 3, 4, 5, 6]","[[2, 8, 9, 15, 16, 18], [2, 3, 6, 7, 28, 35], [2, 6, 13, 14, 15, 33]]",False,False,False,3,0.8763636363636363,0.5,0.0,0.16263636363636363,1
96,omega_pipeline,"[1, 2, 3, 4, 5, 6]","[[2, 8, 9, 15, 16, 18], [2, 3, 6, 7, 28, 35], [2, 6, 13, 14, 15, 33]]",False,False,False,3,0.8363636363636364,0.35,0.0,0.15863636363636363,1
96,omega_agentic,"[1, 2, 3, 4, 5, 6]","[[14, 20, 22, 29, 32, 36], [2, 7, 15, 27, 31, 34], [8, 9, 13, 16, 25, 33]]",False,False,False,1,1.0,0.45,0.0,0.125,0
97,heuristic_enhanced,"[1, 2, 3, 4, 5, 6]","[[3, 13, 23, 25, 33, 36], [1, 8, 9, 18, 33, 37], [6, 20, 23, 24, 28, 33]]",False,False,False,1,0.8963636363636364,0.525,0.0,0.11463636363636363,1
97,omega_hybrid,"[1, 2, 3, 4, 5, 6]","[[13, 21, 26, 31, 38, 39], [15, 20, 22, 27, 30, 40]]",False,False,False,0,1.0,0.3,0.0,0.1,0
97,omega_production,"[1, 2, 3, 4, 5, 6]","[[2, 8, 9, 15, 16, 18], [2, 3, 6, 7, 28, 35], [2, 6, 13, 14, 15, 33]]",False,False,False,3,0.8763636363636363,0.5,0.0,0.16263636363636363,1
97,omega_pipeline,"[1, 2, 3, 4, 5, 6]","[[2, 8, 9, 15, 16, 18], [2, 3, 6, 7, 28, 35], [2, 6, 13, 14, 15, 33]]",False,False,False,3,0.8363636363636364,0.35,0.0,0.15863636363636363,1
97,omega_agentic,"[1, 2, 3, 4, 5, 6]","[[10, 16, 24, 30, 34, 35], [1, 4, 10, 13, 25, 37], [5, 16, 22, 23, 28, 30]]",False,False,False,2,0.9030303030303031,0.375,0.0,0.14030303030303032,0
98,heuristic_enhanced,"[1, 2, 3, 4, 5, 6]","[[8, 12, 22, 23, 31, 38], [9, 10, 16, 27, 38, 39], [10, 11, 13, 25, 26, 32]]",False,False,False,2,0.9254545454545454,0.575,0.0,0.14254545454545453,0
98,omega_hybrid,"[1, 2, 3, 4, 5, 6]","[[10, 13, 26, 27, 34, 40], [5, 6, 8, 17, 21, 30]]",False,False,False,2,1.0,0.3,0.0,0.15,0
98,omega_production,"[1, 2, 3, 4, 5, 6]","[[2, 8, 9, 15, 16, 18], [2, 3, 6, 7, 28, 35], [2, 6, 13, 14, 15, 33]]",False,False,False,3,0.8763636363636363,0.5,0.0,0.16263636363636363,1
98,omega_pipeline,"[1, 2, 3, 4, 5, 6]","[[2, 8, 9, 15, 16, 18], [2, 3, 6, 7, 28, 35], [2, 6, 13, 14, 15, 33]]",False,False,False,3,0.8363636363636364,0.35,0.0,0.15863636363636363,1
98,omega_agentic,"[1, 2, 3, 4, 5, 6]","[[12, 18, 24, 25, 28, 32], [2, 12, 17, 25, 26, 33], [14, 18, 20, 28, 29, 30]]",False,False,False,1,0.8666666666666667,0.35,0.0,0.11166666666666666,0
99,heuristic_enhanced,"[1, 2, 3, 4, 5, 6]","[[9, 19, 20, 26, 27, 33], [8, 16, 23, 25, 33, 36], [1, 13, 18, 25, 32, 33]]",False,False,False,1,0.9163636363636364,0.55,0.0,0.11663636363636364,0
99,omega_hybrid,"[1, 2, 3, 4, 5, 6]","[[19, 21, 30, 33, 37, 38], [2, 10, 13, 20, 29, 32]]",False,False,False,1,1.0,0.3,0.0,0.125,0
99,omega_production,"[1, 2, 3, 4, 5, 6]","[[2, 8, 9, 15, 16, 18], [2, 3, 6, 7, 28, 35], [2, 6, 13, 14, 15, 33]]",False,False,False,3,0.8763636363636363,0.5,0.0,0.16263636363636363,1
99,omega_pipeline,"[1, 2, 3, 4, 5, 6]","[[2, 8, 9, 15, 16, 18], [2, 3, 6, 7, 28, 35], [2, 6, 13, 14, 15, 33]]",False,False,False,3,0.8363636363636364,0.35,0.0,0.15863636363636363,1
99,omega_agentic,"[1, 2, 3, 4, 5, 6]","[[14, 19, 22, 31, 35, 40], [12, 15, 16, 23, 35, 38], [6, 7, 20, 22, 28, 33]]",False,False,False,1,0.9393939393939394,0.4,0.0,0.11893939393939394,0
100,heuristic_enhanced,"[1, 2, 3, 4, 5, 6]","[[2, 9, 12, 22, 25, 31], [5, 14, 22, 24, 26, 28], [6, 11, 16, 37, 38, 39]]",False,False,False,3,0.9193939393939394,0.55,0.0,0.16693939393939394,1
100,omega_hybrid,"[1, 2, 3, 4, 5, 6]","[[16, 20, 26, 27, 33, 35], [3, 8, 23, 29, 31, 37]]",False,False,False,1,1.0,0.3,0.0,0.125,0
100,omega_production,"[1, 2, 3, 4, 5, 6]","[[2, 8, 9, 15, 16, 18], [2, 3, 6, 7, 28, 35], [2, 6, 13, 14, 15, 33]]",False,False,False,3,0.8763636363636363,0.5,0.0,0.16263636363636363,1
100,omega_pipeline,"[1, 2, 3, 4, 5, 6]","[[2, 8, 9, 15, 16, 18], [2, 3, 6, 7, 28, 35], [2, 6, 13, 14, 15, 33]]",False,False,False,3,0.8363636363636364,0.35,0.0,0.15863636363636363,1
100,omega_agentic,"[1, 2, 3, 4, 5, 6]","[[12, 19, 28, 29, 38, 40], [10, 17, 23, 26, 34, 39], [10, 11, 19, 27, 28, 31]]",False,False,False,0,0.9030303030303031,0.375,0.0,0.09030303030303032,0
